<TextureAtlas imagePath="platformerBricks_sheet.png">
	<SubTexture name="DirtSlopeBottomRight.png" x="700" y="105" width="70" height="105"/>
	<SubTexture name="box.png" x="0" y="105" width="70" height="105"/>
	<SubTexture name="boxAlt.png" x="0" y="0" width="70" height="105"/>
	<SubTexture name="boxCoin.png" x="490" y="420" width="70" height="105"/>
	<SubTexture name="boxCoinAlt.png" x="980" y="630" width="70" height="105"/>
	<SubTexture name="boxCoinAltSmall.png" x="980" y="315" width="70" height="105"/>
	<SubTexture name="boxCoinAlt_disabled.png" x="980" y="525" width="70" height="105"/>
	<SubTexture name="boxCoinAlt_disabledSmall.png" x="980" y="420" width="70" height="105"/>
	<SubTexture name="boxCoinSmall.png" x="980" y="210" width="70" height="105"/>
	<SubTexture name="boxCoin_disabled.png" x="980" y="840" width="70" height="105"/>
	<SubTexture name="boxCoin_disabledSmall.png" x="980" y="735" width="70" height="105"/>
	<SubTexture name="boxEmpty.png" x="980" y="105" width="70" height="105"/>
	<SubTexture name="boxExplosive.png" x="980" y="0" width="70" height="105"/>
	<SubTexture name="boxExplosiveAlt.png" x="910" y="735" width="70" height="105"/>
	<SubTexture name="boxExplosiveSmall.png" x="910" y="630" width="70" height="105"/>
	<SubTexture name="boxExplosive_disabled.png" x="910" y="945" width="70" height="105"/>
	<SubTexture name="boxExplosive_disabledSmall.png" x="910" y="840" width="70" height="105"/>
	<SubTexture name="boxItem.png" x="910" y="525" width="70" height="105"/>
	<SubTexture name="boxItemAlt.png" x="910" y="210" width="70" height="105"/>
	<SubTexture name="boxItemAltSmall.png" x="840" y="945" width="70" height="105"/>
	<SubTexture name="boxItemAlt_disabled.png" x="910" y="105" width="70" height="105"/>
	<SubTexture name="boxItemAlt_disabledSmall.png" x="910" y="0" width="70" height="105"/>
	<SubTexture name="boxItemSmall.png" x="840" y="840" width="70" height="105"/>
	<SubTexture name="boxItem_disabled.png" x="910" y="420" width="70" height="105"/>
	<SubTexture name="boxItem_disabledSmall.png" x="910" y="315" width="70" height="105"/>
	<SubTexture name="boxWarning.png" x="840" y="735" width="70" height="105"/>
	<SubTexture name="brickWall.png" x="840" y="630" width="70" height="105"/>
	<SubTexture name="bridge.png" x="840" y="525" width="70" height="105"/>
	<SubTexture name="cactus.png" x="840" y="420" width="70" height="105"/>
	<SubTexture name="castle.png" x="840" y="315" width="70" height="105"/>
	<SubTexture name="castleHalf.png" x="840" y="210" width="70" height="105"/>
	<SubTexture name="castleHalfLeft.png" x="840" y="105" width="70" height="105"/>
	<SubTexture name="castleHalfMid.png" x="840" y="0" width="70" height="105"/>
	<SubTexture name="castleHalfRight.png" x="770" y="945" width="70" height="105"/>
	<SubTexture name="castleLeft.png" x="770" y="840" width="70" height="105"/>
	<SubTexture name="castleMid.png" x="770" y="735" width="70" height="105"/>
	<SubTexture name="castleRight.png" x="770" y="630" width="70" height="105"/>
	<SubTexture name="castleSlopeBottomLeft.png" x="770" y="525" width="70" height="105"/>
	<SubTexture name="castleSlopeBottomRight.png" x="770" y="420" width="70" height="105"/>
	<SubTexture name="castleSlopeTopLeft.png" x="770" y="315" width="70" height="105"/>
	<SubTexture name="castleSlopeTopRight.png" x="770" y="210" width="70" height="105"/>
	<SubTexture name="castleWall.png" x="770" y="105" width="70" height="105"/>
	<SubTexture name="dirt.png" x="770" y="0" width="70" height="105"/>
	<SubTexture name="dirtHalf.png" x="700" y="945" width="70" height="105"/>
	<SubTexture name="dirtHalfLeft.png" x="700" y="840" width="70" height="105"/>
	<SubTexture name="dirtHalfMid.png" x="700" y="735" width="70" height="105"/>
	<SubTexture name="dirtHalfRight.png" x="700" y="630" width="70" height="105"/>
	<SubTexture name="dirtLeft.png" x="700" y="525" width="70" height="105"/>
	<SubTexture name="dirtMid.png" x="700" y="420" width="70" height="105"/>
	<SubTexture name="dirtRight.png" x="700" y="315" width="70" height="105"/>
	<SubTexture name="dirtSlopeBottomLeft.png" x="700" y="210" width="70" height="105"/>
	<SubTexture name="dirtSlopeTopLeft.png" x="700" y="0" width="70" height="105"/>
	<SubTexture name="dirtSlopeTopRight.png" x="630" y="945" width="70" height="105"/>
	<SubTexture name="grass.png" x="630" y="840" width="70" height="105"/>
	<SubTexture name="grassHalf.png" x="630" y="735" width="70" height="105"/>
	<SubTexture name="grassHalfLeft.png" x="630" y="630" width="70" height="105"/>
	<SubTexture name="grassHalfMid.png" x="630" y="525" width="70" height="105"/>
	<SubTexture name="grassHalfRight.png" x="630" y="420" width="70" height="105"/>
	<SubTexture name="grassLeft.png" x="630" y="315" width="70" height="105"/>
	<SubTexture name="grassMid.png" x="630" y="210" width="70" height="105"/>
	<SubTexture name="grassRight.png" x="630" y="105" width="70" height="105"/>
	<SubTexture name="grassSlopeBottomLeft.png" x="630" y="0" width="70" height="105"/>
	<SubTexture name="grassSlopeBottomLeftAlt.png" x="560" y="945" width="70" height="105"/>
	<SubTexture name="grassSlopeBottomRight.png" x="560" y="840" width="70" height="105"/>
	<SubTexture name="grassSlopeBottomRightAlt.png" x="560" y="735" width="70" height="105"/>
	<SubTexture name="grassSlopeTopLeft.png" x="560" y="630" width="70" height="105"/>
	<SubTexture name="grassSlopeTopRight.png" x="560" y="525" width="70" height="105"/>
	<SubTexture name="keyBlue.png" x="560" y="420" width="70" height="105"/>
	<SubTexture name="keyGreen.png" x="560" y="315" width="70" height="105"/>
	<SubTexture name="keyRed.png" x="560" y="210" width="70" height="105"/>
	<SubTexture name="keyYellow.png" x="560" y="105" width="70" height="105"/>
	<SubTexture name="liquidLavaMid.png" x="560" y="0" width="70" height="105"/>
	<SubTexture name="liquidLavaTop.png" x="490" y="945" width="70" height="105"/>
	<SubTexture name="liquidWaterMid.png" x="490" y="840" width="70" height="105"/>
	<SubTexture name="liquidWaterTop.png" x="490" y="735" width="70" height="105"/>
	<SubTexture name="lockBlue.png" x="490" y="630" width="70" height="105"/>
	<SubTexture name="lockGreen.png" x="490" y="525" width="70" height="105"/>
	<SubTexture name="lockRed.png" x="980" y="945" width="70" height="105"/>
	<SubTexture name="lockYellow.png" x="490" y="315" width="70" height="105"/>
	<SubTexture name="magic.png" x="490" y="210" width="70" height="105"/>
	<SubTexture name="magicHalf.png" x="490" y="105" width="70" height="105"/>
	<SubTexture name="magicHalfLeft.png" x="490" y="0" width="70" height="105"/>
	<SubTexture name="magicHalfMid.png" x="420" y="945" width="70" height="105"/>
	<SubTexture name="magicHalfRight.png" x="420" y="840" width="70" height="105"/>
	<SubTexture name="magicLeft.png" x="420" y="735" width="70" height="105"/>
	<SubTexture name="magicMid.png" x="420" y="630" width="70" height="105"/>
	<SubTexture name="magicRight.png" x="420" y="525" width="70" height="105"/>
	<SubTexture name="magicSlopeBottomLeft.png" x="420" y="420" width="70" height="105"/>
	<SubTexture name="magicSlopeBottomLeftAlt.png" x="420" y="315" width="70" height="105"/>
	<SubTexture name="magicSlopeBottomRight.png" x="420" y="210" width="70" height="105"/>
	<SubTexture name="magicSlopeBottomRightAlt.png" x="420" y="105" width="70" height="105"/>
	<SubTexture name="magicSlopeTopLeft.png" x="420" y="0" width="70" height="105"/>
	<SubTexture name="magicSlopeTopRight.png" x="350" y="945" width="70" height="105"/>
	<SubTexture name="mud.png" x="350" y="840" width="70" height="105"/>
	<SubTexture name="mudHalf.png" x="350" y="735" width="70" height="105"/>
	<SubTexture name="mudHalfLeft.png" x="350" y="630" width="70" height="105"/>
	<SubTexture name="mudHalfMid.png" x="350" y="525" width="70" height="105"/>
	<SubTexture name="mudHalfRight.png" x="350" y="420" width="70" height="105"/>
	<SubTexture name="mudLeft.png" x="350" y="315" width="70" height="105"/>
	<SubTexture name="mudMid.png" x="350" y="210" width="70" height="105"/>
	<SubTexture name="mudRight.png" x="350" y="105" width="70" height="105"/>
	<SubTexture name="mudSlopeBottomLeft.png" x="350" y="0" width="70" height="105"/>
	<SubTexture name="mudSlopeBottomLeftAlt.png" x="280" y="945" width="70" height="105"/>
	<SubTexture name="mudSlopeBottomRight.png" x="280" y="840" width="70" height="105"/>
	<SubTexture name="mudSlopeBottomRightAlt.png" x="280" y="735" width="70" height="105"/>
	<SubTexture name="mudSlopeTopLeft.png" x="700" y="0" width="70" height="105"/>
	<SubTexture name="mudSlopeTopRight.png" x="630" y="945" width="70" height="105"/>
	<SubTexture name="plant.png" x="280" y="630" width="70" height="105"/>
	<SubTexture name="plantMagic.png" x="280" y="525" width="70" height="105"/>
	<SubTexture name="plantSand.png" x="280" y="420" width="70" height="105"/>
	<SubTexture name="sand.png" x="280" y="315" width="70" height="105"/>
	<SubTexture name="sandHalf.png" x="280" y="210" width="70" height="105"/>
	<SubTexture name="sandHalfLeft.png" x="280" y="105" width="70" height="105"/>
	<SubTexture name="sandHalfMid.png" x="280" y="0" width="70" height="105"/>
	<SubTexture name="sandHalfRight.png" x="210" y="945" width="70" height="105"/>
	<SubTexture name="sandLeft.png" x="210" y="840" width="70" height="105"/>
	<SubTexture name="sandMid.png" x="210" y="735" width="70" height="105"/>
	<SubTexture name="sandRight.png" x="210" y="630" width="70" height="105"/>
	<SubTexture name="sandSlopeBottomLeft.png" x="210" y="525" width="70" height="105"/>
	<SubTexture name="sandSlopeBottomLeftAlt.png" x="210" y="420" width="70" height="105"/>
	<SubTexture name="sandSlopeBottomRight.png" x="210" y="315" width="70" height="105"/>
	<SubTexture name="sandSlopeBottomRightAlt.png" x="210" y="210" width="70" height="105"/>
	<SubTexture name="sandSlopeTopLeft.png" x="210" y="105" width="70" height="105"/>
	<SubTexture name="sandSlopeTopRight.png" x="210" y="0" width="70" height="105"/>
	<SubTexture name="shadowLeft.png" x="140" y="945" width="70" height="105"/>
	<SubTexture name="shadowRight.png" x="140" y="840" width="70" height="105"/>
	<SubTexture name="snow.png" x="140" y="735" width="70" height="105"/>
	<SubTexture name="snowHalf.png" x="140" y="630" width="70" height="105"/>
	<SubTexture name="snowHalfLeft.png" x="140" y="525" width="70" height="105"/>
	<SubTexture name="snowHalfMid.png" x="140" y="420" width="70" height="105"/>
	<SubTexture name="snowHalfRight.png" x="140" y="315" width="70" height="105"/>
	<SubTexture name="snowLeft.png" x="140" y="210" width="70" height="105"/>
	<SubTexture name="snowMid.png" x="140" y="105" width="70" height="105"/>
	<SubTexture name="snowRight.png" x="140" y="0" width="70" height="105"/>
	<SubTexture name="snowSlopeBottomLeft.png" x="70" y="945" width="70" height="105"/>
	<SubTexture name="snowSlopeBottomLeftAlt.png" x="70" y="840" width="70" height="105"/>
	<SubTexture name="snowSlopeBottomRight.png" x="70" y="735" width="70" height="105"/>
	<SubTexture name="snowSlopeBottomRightAlt.png" x="70" y="630" width="70" height="105"/>
	<SubTexture name="snowSlopeTopLeft.png" x="70" y="525" width="70" height="105"/>
	<SubTexture name="snowSlopeTopRight.png" x="70" y="420" width="70" height="105"/>
	<SubTexture name="stone.png" x="70" y="315" width="70" height="105"/>
	<SubTexture name="stoneHalf.png" x="70" y="210" width="70" height="105"/>
	<SubTexture name="stoneHalfLeft.png" x="70" y="105" width="70" height="105"/>
	<SubTexture name="stoneHalfMid.png" x="70" y="0" width="70" height="105"/>
	<SubTexture name="stoneHalfRight.png" x="0" y="945" width="70" height="105"/>
	<SubTexture name="stoneLeft.png" x="0" y="840" width="70" height="105"/>
	<SubTexture name="stoneMid.png" x="0" y="735" width="70" height="105"/>
	<SubTexture name="stoneRight.png" x="0" y="630" width="70" height="105"/>
	<SubTexture name="stoneSlopeBottomLeft.png" x="0" y="525" width="70" height="105"/>
	<SubTexture name="stoneSlopeBottomRight.png" x="0" y="420" width="70" height="105"/>
	<SubTexture name="stoneSlopeTopLeft.png" x="0" y="315" width="70" height="105"/>
	<SubTexture name="stoneSlopeTopRight.png" x="0" y="210" width="70" height="105"/>
</TextureAtlas>