<TextureAtlas imagePath="sprites.png">
	<SubTexture name="ball_basket1.png" x="69" y="72" width="18" height="18"/>
	<SubTexture name="ball_basket2.png" x="94" y="18" width="18" height="18"/>
	<SubTexture name="ball_basket3.png" x="58" y="91" width="18" height="18"/>
	<SubTexture name="ball_basket4.png" x="61" y="0" width="18" height="18"/>
	<SubTexture name="ball_bowling1.png" x="87" y="68" width="18" height="18"/>
	<SubTexture name="ball_bowling2.png" x="97" y="0" width="18" height="18"/>
	<SubTexture name="ball_bowling3.png" x="76" y="18" width="18" height="18"/>
	<SubTexture name="ball_football.png" x="32" y="92" width="14" height="16"/>
	<SubTexture name="ball_generic1.png" x="79" y="0" width="18" height="18"/>
	<SubTexture name="ball_generic2.png" x="105" y="66" width="10" height="10"/>
	<SubTexture name="ball_golf.png" x="76" y="108" width="8" height="8"/>
	<SubTexture name="ball_puck.png" x="84" y="108" width="8" height="8"/>
	<SubTexture name="ball_soccer1.png" x="53" y="54" width="18" height="18"/>
	<SubTexture name="ball_soccer2.png" x="89" y="36" width="18" height="18"/>
	<SubTexture name="ball_soccer3.png" x="58" y="32" width="18" height="18"/>
	<SubTexture name="ball_soccer4.png" x="76" y="90" width="18" height="18"/>
	<SubTexture name="ball_tennis1.png" x="76" y="36" width="12" height="12"/>
	<SubTexture name="ball_tennis2.png" x="61" y="18" width="12" height="12"/>
	<SubTexture name="ball_volley1.png" x="71" y="50" width="18" height="18"/>
	<SubTexture name="ball_volley2.png" x="51" y="73" width="18" height="18"/>
	<SubTexture name="bat_handle.png" x="32" y="16" width="29" height="8"/>
	<SubTexture name="bat_metal.png" x="32" y="24" width="29" height="8"/>
	<SubTexture name="bat_wood.png" x="32" y="0" width="29" height="8"/>
	<SubTexture name="boxing_glove.png" x="89" y="54" width="15" height="14"/>
	<SubTexture name="card_red.png" x="94" y="86" width="12" height="12"/>
	<SubTexture name="card_white.png" x="46" y="92" width="12" height="12"/>
	<SubTexture name="card_yellow.png" x="104" y="54" width="11" height="12"/>
	<SubTexture name="flag_black.png" x="0" y="0" width="32" height="27"/>
	<SubTexture name="flag_checkered.png" x="0" y="27" width="32" height="27"/>
	<SubTexture name="flag_green.png" x="0" y="81" width="32" height="27"/>
	<SubTexture name="flag_white.png" x="0" y="54" width="32" height="27"/>
	<SubTexture name="golf_club.png" x="94" y="98" width="11" height="10"/>
	<SubTexture name="helmet_white1.png" x="32" y="73" width="19" height="19"/>
	<SubTexture name="helmet_white2.png" x="32" y="54" width="21" height="19"/>
	<SubTexture name="helmet_white3.png" x="32" y="32" width="26" height="22"/>
	<SubTexture name="racket_handle.png" x="29" y="108" width="29" height="8"/>
	<SubTexture name="racket_metal.png" x="0" y="108" width="29" height="8"/>
	<SubTexture name="racket_wood.png" x="32" y="8" width="29" height="8"/>
</TextureAtlas>