<?xml version="1.0" encoding="UTF-8"?>
<TextureAtlas imagePath="sprites.png">
	<!--
	Created with ShoeBox
	http://renderhjs.net/shoebox/
	-->
	<SubTexture name="ballBlue.png"	x="23"	y="480"	width="22"	height="22" frameX="-0" frameY="-0" frameWidth="22" frameHeight="22"/>
	<SubTexture name="ballGrey.png"	x="0"	y="480"	width="22"	height="22" frameX="-0" frameY="-0" frameWidth="22" frameHeight="22"/>
	<SubTexture name="buttonDefault.png"	x="0"	y="50"	width="190"	height="49" frameX="-0" frameY="-0" frameWidth="190" frameHeight="49"/>
	<SubTexture name="buttonDefault_bottom.png"	x="46"	y="493"	width="12"	height="12" frameX="-0" frameY="-0" frameWidth="12" frameHeight="12"/>
	<SubTexture name="buttonDefault_bottomleft.png"	x="241"	y="181"	width="12"	height="12" frameX="-0" frameY="-0" frameWidth="12" frameHeight="12"/>
	<SubTexture name="buttonDefault_bottomright.png"	x="242"	y="99"	width="12"	height="12" frameX="-0" frameY="-0" frameWidth="12" frameHeight="12"/>
	<SubTexture name="buttonDefault_left.png"	x="241"	y="497"	width="12"	height="12" frameX="-0" frameY="-0" frameWidth="12" frameHeight="12"/>
	<SubTexture name="buttonDefault_mid.png"	x="163"	y="497"	width="12"	height="12" frameX="-0" frameY="-0" frameWidth="12" frameHeight="12"/>
	<SubTexture name="buttonDefault_right.png"	x="228"	y="181"	width="12"	height="12" frameX="-0" frameY="-0" frameWidth="12" frameHeight="12"/>
	<SubTexture name="buttonDefault_top.png"	x="202"	y="497"	width="12"	height="12" frameX="-0" frameY="-0" frameWidth="12" frameHeight="12"/>
	<SubTexture name="buttonDefault_topleft.png"	x="215"	y="497"	width="12"	height="12" frameX="-0" frameY="-0" frameWidth="12" frameHeight="12"/>
	<SubTexture name="buttonDefault_topright.png"	x="228"	y="497"	width="12"	height="12" frameX="-0" frameY="-0" frameWidth="12" frameHeight="12"/>
	<SubTexture name="buttonSelected.png"	x="0"	y="0"	width="190"	height="49" frameX="-0" frameY="-0" frameWidth="190" frameHeight="49"/>
	<SubTexture name="buttonSelected_bottom.png"	x="228"	y="168"	width="12"	height="12" frameX="-0" frameY="-0" frameWidth="12" frameHeight="12"/>
	<SubTexture name="buttonSelected_bottomleft.png"	x="46"	y="480"	width="12"	height="12" frameX="-0" frameY="-0" frameWidth="12" frameHeight="12"/>
	<SubTexture name="buttonSelected_bottomright.png"	x="189"	y="497"	width="12"	height="12" frameX="-0" frameY="-0" frameWidth="12" frameHeight="12"/>
	<SubTexture name="buttonSelected_left.png"	x="176"	y="484"	width="12"	height="12" frameX="-0" frameY="-0" frameWidth="12" frameHeight="12"/>
	<SubTexture name="buttonSelected_mid.png"	x="163"	y="484"	width="12"	height="12" frameX="-0" frameY="-0" frameWidth="12" frameHeight="12"/>
	<SubTexture name="buttonSelected_right.png"	x="176"	y="497"	width="12"	height="12" frameX="-0" frameY="-0" frameWidth="12" frameHeight="12"/>
	<SubTexture name="buttonSelected_top.png"	x="189"	y="484"	width="12"	height="12" frameX="-0" frameY="-0" frameWidth="12" frameHeight="12"/>
	<SubTexture name="buttonSelected_topleft.png"	x="242"	y="112"	width="12"	height="12" frameX="-0" frameY="-0" frameWidth="12" frameHeight="12"/>
	<SubTexture name="buttonSelected_topright.png"	x="241"	y="168"	width="12"	height="12" frameX="-0" frameY="-0" frameWidth="12" frameHeight="12"/>
	<SubTexture name="element_blue_diamond.png"	x="163"	y="243"	width="48"	height="48" frameX="-0" frameY="-0" frameWidth="48" frameHeight="48"/>
	<SubTexture name="element_blue_diamond_glossy.png"	x="163"	y="386"	width="48"	height="48" frameX="-0" frameY="-0" frameWidth="48" frameHeight="48"/>
	<SubTexture name="element_blue_polygon.png"	x="163"	y="339"	width="48"	height="46" frameX="-0" frameY="-0" frameWidth="48" frameHeight="46"/>
	<SubTexture name="element_blue_polygon_glossy.png"	x="163"	y="292"	width="48"	height="46" frameX="-0" frameY="-0" frameWidth="48" frameHeight="46"/>
	<SubTexture name="element_blue_rectangle.png"	x="65"	y="150"	width="64"	height="32" frameX="-0" frameY="-0" frameWidth="64" frameHeight="32"/>
	<SubTexture name="element_blue_rectangle_glossy.png"	x="65"	y="183"	width="64"	height="32" frameX="-0" frameY="-0" frameWidth="64" frameHeight="32"/>
	<SubTexture name="element_blue_square.png"	x="212"	y="266"	width="32"	height="32" frameX="-0" frameY="-0" frameWidth="32" frameHeight="32"/>
	<SubTexture name="element_blue_square_glossy.png"	x="212"	y="365"	width="32"	height="32" frameX="-0" frameY="-0" frameWidth="32" frameHeight="32"/>
	<SubTexture name="element_green_diamond.png"	x="114"	y="453"	width="48"	height="48" frameX="-0" frameY="-0" frameWidth="48" frameHeight="48"/>
	<SubTexture name="element_green_diamond_glossy.png"	x="114"	y="404"	width="48"	height="48" frameX="-0" frameY="-0" frameWidth="48" frameHeight="48"/>
	<SubTexture name="element_green_polygon.png"	x="114"	y="357"	width="48"	height="46" frameX="-0" frameY="-0" frameWidth="48" frameHeight="46"/>
	<SubTexture name="element_green_polygon_glossy.png"	x="114"	y="310"	width="48"	height="46" frameX="-0" frameY="-0" frameWidth="48" frameHeight="46"/>
	<SubTexture name="element_green_rectangle.png"	x="0"	y="381"	width="64"	height="32" frameX="-0" frameY="-0" frameWidth="64" frameHeight="32"/>
	<SubTexture name="element_green_rectangle_glossy.png"	x="0"	y="414"	width="64"	height="32" frameX="-0" frameY="-0" frameWidth="64" frameHeight="32"/>
	<SubTexture name="element_green_square.png"	x="212"	y="299"	width="32"	height="32" frameX="-0" frameY="-0" frameWidth="32" frameHeight="32"/>
	<SubTexture name="element_green_square_glossy.png"	x="242"	y="66"	width="32"	height="32" frameX="-0" frameY="-0" frameWidth="32" frameHeight="32"/>
	<SubTexture name="element_grey_diamond.png"	x="163"	y="194"	width="48"	height="48" frameX="-0" frameY="-0" frameWidth="48" frameHeight="48"/>
	<SubTexture name="element_grey_diamond_glossy.png"	x="65"	y="361"	width="48"	height="48" frameX="-0" frameY="-0" frameWidth="48" frameHeight="48"/>
	<SubTexture name="element_grey_polygon.png"	x="65"	y="314"	width="48"	height="46" frameX="-0" frameY="-0" frameWidth="48" frameHeight="46"/>
	<SubTexture name="element_grey_polygon_glossy.png"	x="114"	y="263"	width="48"	height="46" frameX="-0" frameY="-0" frameWidth="48" frameHeight="46"/>
	<SubTexture name="element_grey_rectangle.png"	x="0"	y="348"	width="64"	height="32" frameX="-0" frameY="-0" frameWidth="64" frameHeight="32"/>
	<SubTexture name="element_grey_rectangle_glossy.png"	x="0"	y="315"	width="64"	height="32" frameX="-0" frameY="-0" frameWidth="64" frameHeight="32"/>
	<SubTexture name="element_grey_square.png"	x="212"	y="431"	width="32"	height="32" frameX="-0" frameY="-0" frameWidth="32" frameHeight="32"/>
	<SubTexture name="element_grey_square_glossy.png"	x="212"	y="431"	width="32"	height="32" frameX="-0" frameY="-0" frameWidth="32" frameHeight="32"/>
	<SubTexture name="element_purple_cube_glossy.png"	x="212"	y="464"	width="32"	height="32" frameX="-0" frameY="-0" frameWidth="32" frameHeight="32"/>
	<SubTexture name="element_purple_diamond.png"	x="65"	y="216"	width="48"	height="48" frameX="-0" frameY="-0" frameWidth="48" frameHeight="48"/>
	<SubTexture name="element_purple_diamond_glossy.png"	x="65"	y="410"	width="48"	height="48" frameX="-0" frameY="-0" frameWidth="48" frameHeight="48"/>
	<SubTexture name="element_purple_polygon.png"	x="114"	y="216"	width="48"	height="46" frameX="-0" frameY="-0" frameWidth="48" frameHeight="46"/>
	<SubTexture name="element_purple_polygon_glossy.png"	x="154"	y="100"	width="48"	height="46" frameX="-0" frameY="-0" frameWidth="48" frameHeight="46"/>
	<SubTexture name="element_purple_rectangle.png"	x="0"	y="282"	width="64"	height="32" frameX="-0" frameY="-0" frameWidth="64" frameHeight="32"/>
	<SubTexture name="element_purple_rectangle_glossy.png"	x="0"	y="249"	width="64"	height="32" frameX="-0" frameY="-0" frameWidth="64" frameHeight="32"/>
	<SubTexture name="element_purple_square.png"	x="240"	y="33"	width="32"	height="32" frameX="-0" frameY="-0" frameWidth="32" frameHeight="32"/>
	<SubTexture name="element_red_diamond.png"	x="65"	y="265"	width="48"	height="48" frameX="-0" frameY="-0" frameWidth="48" frameHeight="48"/>
	<SubTexture name="element_red_diamond_glossy.png"	x="65"	y="459"	width="48"	height="48" frameX="-0" frameY="-0" frameWidth="48" frameHeight="48"/>
	<SubTexture name="element_red_polygon.png"	x="105"	y="100"	width="48"	height="46" frameX="-0" frameY="-0" frameWidth="48" frameHeight="46"/>
	<SubTexture name="element_red_polygon_glossy.png"	x="130"	y="147"	width="48"	height="46" frameX="-0" frameY="-0" frameWidth="48" frameHeight="46"/>
	<SubTexture name="element_red_rectangle.png"	x="0"	y="150"	width="64"	height="32" frameX="-0" frameY="-0" frameWidth="64" frameHeight="32"/>
	<SubTexture name="element_red_rectangle_glossy.png"	x="0"	y="183"	width="64"	height="32" frameX="-0" frameY="-0" frameWidth="64" frameHeight="32"/>
	<SubTexture name="element_red_square.png"	x="212"	y="233"	width="32"	height="32" frameX="-0" frameY="-0" frameWidth="32" frameHeight="32"/>
	<SubTexture name="element_red_square_glossy.png"	x="228"	y="135"	width="32"	height="32" frameX="-0" frameY="-0" frameWidth="32" frameHeight="32"/>
	<SubTexture name="element_yellow_diamond.png"	x="191"	y="47"	width="48"	height="48" frameX="-0" frameY="-0" frameWidth="48" frameHeight="48"/>
	<SubTexture name="element_yellow_diamond_glossy.png"	x="163"	y="435"	width="48"	height="48" frameX="-0" frameY="-0" frameWidth="48" frameHeight="48"/>
	<SubTexture name="element_yellow_polygon.png"	x="179"	y="147"	width="48"	height="46" frameX="-0" frameY="-0" frameWidth="48" frameHeight="46"/>
	<SubTexture name="element_yellow_polygon_glossy.png"	x="191"	y="0"	width="48"	height="46" frameX="-0" frameY="-0" frameWidth="48" frameHeight="46"/>
	<SubTexture name="element_yellow_rectangle.png"	x="0"	y="216"	width="64"	height="32" frameX="-0" frameY="-0" frameWidth="64" frameHeight="32"/>
	<SubTexture name="element_yellow_rectangle_glossy.png"	x="0"	y="447"	width="64"	height="32" frameX="-0" frameY="-0" frameWidth="64" frameHeight="32"/>
	<SubTexture name="element_yellow_square.png"	x="212"	y="332"	width="32"	height="32" frameX="-0" frameY="-0" frameWidth="32" frameHeight="32"/>
	<SubTexture name="element_yellow_square_glossy.png"	x="212"	y="398"	width="32"	height="32" frameX="-0" frameY="-0" frameWidth="32" frameHeight="32"/>
	<SubTexture name="paddleBlu.png"	x="0"	y="100"	width="104"	height="24" frameX="-0" frameY="-0" frameWidth="104" frameHeight="24"/>
	<SubTexture name="paddleRed.png"	x="0"	y="125"	width="104"	height="24" frameX="-0" frameY="-0" frameWidth="104" frameHeight="24"/>
	<SubTexture name="particleCartoonStar.png"	x="151"	y="205"	width="10"	height="10" frameX="-0" frameY="-0" frameWidth="10" frameHeight="10"/>
	<SubTexture name="particleSmallStar.png"	x="151"	y="194"	width="10"	height="10" frameX="-0" frameY="-0" frameWidth="10" frameHeight="10"/>
	<SubTexture name="particleStar.png"	x="130"	y="194"	width="20"	height="21" frameX="-0" frameY="-0" frameWidth="20" frameHeight="21"/>
	<SubTexture name="selectorA.png"	x="203"	y="96"	width="38"	height="38" frameX="-0" frameY="-0" frameWidth="38" frameHeight="38"/>
	<SubTexture name="selectorB.png"	x="212"	y="194"	width="38"	height="38" frameX="-0" frameY="-0" frameWidth="38" frameHeight="38"/>
	<SubTexture name="selectorC.png"	x="240"	y="0"	width="32"	height="32" frameX="-0" frameY="-0" frameWidth="32" frameHeight="32"/>
</TextureAtlas>