<TextureAtlas imagePath="flatDark_sheet.png">
	<SubTexture name="flatDark00.png" x="160" y="208" width="96" height="97"/>
	<SubTexture name="flatDark01.png" x="160" y="305" width="96" height="96"/>
	<SubTexture name="flatDark02.png" x="473" y="461" width="61" height="76"/>
	<SubTexture name="flatDark03.png" x="0" y="480" width="125" height="125"/>
	<SubTexture name="flatDark04.png" x="313" y="528" width="76" height="61"/>
	<SubTexture name="flatDark05.png" x="473" y="400" width="75" height="61"/>
	<SubTexture name="flatDark06.png" x="0" y="160" width="160" height="160"/>
	<SubTexture name="flatDark07.png" x="0" y="320" width="160" height="160"/>
	<SubTexture name="flatDark08.png" x="160" y="0" width="160" height="160"/>
	<SubTexture name="flatDark09.png" x="160" y="401" width="61" height="75"/>
	<SubTexture name="flatDark10.png" x="0" y="0" width="160" height="160"/>
	<SubTexture name="flatDark11.png" x="496" y="192" width="48" height="48"/>
	<SubTexture name="flatDark12.png" x="496" y="144" width="48" height="48"/>
	<SubTexture name="flatDark13.png" x="548" y="400" width="48" height="48"/>
	<SubTexture name="flatDark14.png" x="544" y="240" width="48" height="48"/>
	<SubTexture name="flatDark15.png" x="544" y="144" width="48" height="48"/>
	<SubTexture name="flatDark16.png" x="473" y="537" width="48" height="48"/>
	<SubTexture name="flatDark17.png" x="268" y="160" width="48" height="48"/>
	<SubTexture name="flatDark18.png" x="336" y="320" width="48" height="48"/>
	<SubTexture name="flatDark19.png" x="480" y="48" width="48" height="48"/>
	<SubTexture name="flatDark20.png" x="521" y="537" width="48" height="48"/>
	<SubTexture name="flatDark21.png" x="480" y="0" width="48" height="48"/>
	<SubTexture name="flatDark22.png" x="480" y="96" width="48" height="48"/>
	<SubTexture name="flatDark23.png" x="473" y="320" width="80" height="80"/>
	<SubTexture name="flatDark24.png" x="416" y="240" width="80" height="80"/>
	<SubTexture name="flatDark25.png" x="416" y="160" width="80" height="80"/>
	<SubTexture name="flatDark26.png" x="400" y="80" width="80" height="80"/>
	<SubTexture name="flatDark27.png" x="400" y="0" width="80" height="80"/>
	<SubTexture name="flatDark28.png" x="393" y="480" width="80" height="80"/>
	<SubTexture name="flatDark29.png" x="534" y="461" width="48" height="48"/>
	<SubTexture name="flatDark30.png" x="496" y="240" width="48" height="48"/>
	<SubTexture name="flatDark31.png" x="528" y="0" width="48" height="48"/>
	<SubTexture name="flatDark32.png" x="528" y="48" width="48" height="48"/>
	<SubTexture name="flatDark33.png" x="528" y="96" width="48" height="48"/>
	<SubTexture name="flatDark34.png" x="544" y="192" width="48" height="48"/>
	<SubTexture name="flatDark35.png" x="393" y="320" width="80" height="80"/>
	<SubTexture name="flatDark36.png" x="313" y="368" width="80" height="80"/>
	<SubTexture name="flatDark37.png" x="256" y="288" width="80" height="80"/>
	<SubTexture name="flatDark38.png" x="256" y="208" width="80" height="80"/>
	<SubTexture name="flatDark39.png" x="233" y="481" width="80" height="80"/>
	<SubTexture name="flatDark40.png" x="393" y="400" width="80" height="80"/>
	<SubTexture name="flatDark41.png" x="125" y="480" width="108" height="48"/>
	<SubTexture name="flatDark42.png" x="125" y="528" width="108" height="48"/>
	<SubTexture name="flatDark43.png" x="160" y="160" width="108" height="48"/>
	<SubTexture name="flatDark44.png" x="313" y="448" width="80" height="80"/>
	<SubTexture name="flatDark45.png" x="233" y="401" width="80" height="80"/>
	<SubTexture name="flatDark46.png" x="320" y="0" width="80" height="80"/>
	<SubTexture name="flatDark47.png" x="320" y="80" width="80" height="80"/>
	<SubTexture name="flatDark48.png" x="336" y="160" width="80" height="80"/>
	<SubTexture name="flatDark49.png" x="336" y="240" width="80" height="80"/>
</TextureAtlas>