<TextureAtlas imagePath="flatLight_sheet.png">
	<SubTexture name="flatLight00.png" x="160" y="305" width="96" height="96"/>
	<SubTexture name="flatLight01.png" x="473" y="461" width="61" height="76"/>
	<SubTexture name="flatLight02.png" x="0" y="480" width="125" height="125"/>
	<SubTexture name="flatLight03.png" x="313" y="528" width="76" height="61"/>
	<SubTexture name="flatLight04.png" x="473" y="400" width="75" height="61"/>
	<SubTexture name="flatLight05.png" x="0" y="160" width="160" height="160"/>
	<SubTexture name="flatLight06.png" x="0" y="320" width="160" height="160"/>
	<SubTexture name="flatLight07.png" x="160" y="0" width="160" height="160"/>
	<SubTexture name="flatLight08.png" x="160" y="401" width="61" height="75"/>
	<SubTexture name="flatLight09.png" x="0" y="0" width="160" height="160"/>
	<SubTexture name="flatLight10.png" x="496" y="192" width="48" height="48"/>
	<SubTexture name="flatLight11.png" x="496" y="144" width="48" height="48"/>
	<SubTexture name="flatLight12.png" x="548" y="400" width="48" height="48"/>
	<SubTexture name="flatLight13.png" x="544" y="240" width="48" height="48"/>
	<SubTexture name="flatLight14.png" x="544" y="144" width="48" height="48"/>
	<SubTexture name="flatLight15.png" x="473" y="537" width="48" height="48"/>
	<SubTexture name="flatLight16.png" x="268" y="160" width="48" height="48"/>
	<SubTexture name="flatLight17.png" x="336" y="320" width="48" height="48"/>
	<SubTexture name="flatLight18.png" x="480" y="48" width="48" height="48"/>
	<SubTexture name="flatLight19.png" x="521" y="537" width="48" height="48"/>
	<SubTexture name="flatLight20.png" x="480" y="0" width="48" height="48"/>
	<SubTexture name="flatLight21.png" x="480" y="96" width="48" height="48"/>
	<SubTexture name="flatLight22.png" x="473" y="320" width="80" height="80"/>
	<SubTexture name="flatLight23.png" x="416" y="240" width="80" height="80"/>
	<SubTexture name="flatLight24.png" x="416" y="160" width="80" height="80"/>
	<SubTexture name="flatLight25.png" x="400" y="80" width="80" height="80"/>
	<SubTexture name="flatLight26.png" x="400" y="0" width="80" height="80"/>
	<SubTexture name="flatLight27.png" x="393" y="480" width="80" height="80"/>
	<SubTexture name="flatLight28.png" x="534" y="461" width="48" height="48"/>
	<SubTexture name="flatLight29.png" x="496" y="240" width="48" height="48"/>
	<SubTexture name="flatLight30.png" x="528" y="0" width="48" height="48"/>
	<SubTexture name="flatLight31.png" x="528" y="48" width="48" height="48"/>
	<SubTexture name="flatLight32.png" x="528" y="96" width="48" height="48"/>
	<SubTexture name="flatLight33.png" x="544" y="192" width="48" height="48"/>
	<SubTexture name="flatLight34.png" x="393" y="320" width="80" height="80"/>
	<SubTexture name="flatLight35.png" x="313" y="368" width="80" height="80"/>
	<SubTexture name="flatLight36.png" x="256" y="288" width="80" height="80"/>
	<SubTexture name="flatLight37.png" x="256" y="208" width="80" height="80"/>
	<SubTexture name="flatLight38.png" x="233" y="481" width="80" height="80"/>
	<SubTexture name="flatLight39.png" x="393" y="400" width="80" height="80"/>
	<SubTexture name="flatLight40.png" x="125" y="480" width="108" height="48"/>
	<SubTexture name="flatLight41.png" x="125" y="528" width="108" height="48"/>
	<SubTexture name="flatLight42.png" x="160" y="160" width="108" height="48"/>
	<SubTexture name="flatLight43.png" x="313" y="448" width="80" height="80"/>
	<SubTexture name="flatLight44.png" x="233" y="401" width="80" height="80"/>
	<SubTexture name="flatLight45.png" x="320" y="0" width="80" height="80"/>
	<SubTexture name="flatLight46.png" x="320" y="80" width="80" height="80"/>
	<SubTexture name="flatLight47.png" x="336" y="160" width="80" height="80"/>
	<SubTexture name="flatLight48.png" x="336" y="240" width="80" height="80"/>
	<SubTexture name="flatLight49.png" x="160" y="208" width="96" height="97"/>
</TextureAtlas>