<TextureAtlas imagePath="lineLight_sheet.png">
	<SubTexture name="lineLight00.png" x="160" y="305" width="96" height="96"/>
	<SubTexture name="lineLight01.png" x="473" y="461" width="61" height="76"/>
	<SubTexture name="lineLight02.png" x="0" y="480" width="125" height="125"/>
	<SubTexture name="lineLight03.png" x="313" y="528" width="76" height="61"/>
	<SubTexture name="lineLight04.png" x="473" y="400" width="75" height="61"/>
	<SubTexture name="lineLight05.png" x="0" y="160" width="160" height="160"/>
	<SubTexture name="lineLight06.png" x="0" y="320" width="160" height="160"/>
	<SubTexture name="lineLight07.png" x="160" y="0" width="160" height="160"/>
	<SubTexture name="lineLight08.png" x="160" y="401" width="61" height="75"/>
	<SubTexture name="lineLight09.png" x="0" y="0" width="160" height="160"/>
	<SubTexture name="lineLight10.png" x="496" y="192" width="48" height="48"/>
	<SubTexture name="lineLight11.png" x="496" y="144" width="48" height="48"/>
	<SubTexture name="lineLight12.png" x="548" y="400" width="48" height="48"/>
	<SubTexture name="lineLight13.png" x="544" y="240" width="48" height="48"/>
	<SubTexture name="lineLight14.png" x="544" y="144" width="48" height="48"/>
	<SubTexture name="lineLight15.png" x="473" y="537" width="48" height="48"/>
	<SubTexture name="lineLight16.png" x="268" y="160" width="48" height="48"/>
	<SubTexture name="lineLight17.png" x="336" y="320" width="48" height="48"/>
	<SubTexture name="lineLight18.png" x="480" y="48" width="48" height="48"/>
	<SubTexture name="lineLight19.png" x="521" y="537" width="48" height="48"/>
	<SubTexture name="lineLight20.png" x="480" y="0" width="48" height="48"/>
	<SubTexture name="lineLight21.png" x="480" y="96" width="48" height="48"/>
	<SubTexture name="lineLight22.png" x="473" y="320" width="80" height="80"/>
	<SubTexture name="lineLight23.png" x="416" y="240" width="80" height="80"/>
	<SubTexture name="lineLight24.png" x="416" y="160" width="80" height="80"/>
	<SubTexture name="lineLight25.png" x="400" y="80" width="80" height="80"/>
	<SubTexture name="lineLight26.png" x="400" y="0" width="80" height="80"/>
	<SubTexture name="lineLight27.png" x="393" y="480" width="80" height="80"/>
	<SubTexture name="lineLight28.png" x="534" y="461" width="48" height="48"/>
	<SubTexture name="lineLight29.png" x="496" y="240" width="48" height="48"/>
	<SubTexture name="lineLight30.png" x="528" y="0" width="48" height="48"/>
	<SubTexture name="lineLight31.png" x="528" y="48" width="48" height="48"/>
	<SubTexture name="lineLight32.png" x="528" y="96" width="48" height="48"/>
	<SubTexture name="lineLight33.png" x="544" y="192" width="48" height="48"/>
	<SubTexture name="lineLight34.png" x="393" y="320" width="80" height="80"/>
	<SubTexture name="lineLight35.png" x="313" y="368" width="80" height="80"/>
	<SubTexture name="lineLight36.png" x="256" y="288" width="80" height="80"/>
	<SubTexture name="lineLight37.png" x="256" y="208" width="80" height="80"/>
	<SubTexture name="lineLight38.png" x="233" y="481" width="80" height="80"/>
	<SubTexture name="lineLight39.png" x="393" y="400" width="80" height="80"/>
	<SubTexture name="lineLight40.png" x="125" y="480" width="108" height="48"/>
	<SubTexture name="lineLight41.png" x="125" y="528" width="108" height="48"/>
	<SubTexture name="lineLight42.png" x="160" y="160" width="108" height="48"/>
	<SubTexture name="lineLight43.png" x="313" y="448" width="80" height="80"/>
	<SubTexture name="lineLight44.png" x="233" y="401" width="80" height="80"/>
	<SubTexture name="lineLight45.png" x="320" y="0" width="80" height="80"/>
	<SubTexture name="lineLight46.png" x="320" y="80" width="80" height="80"/>
	<SubTexture name="lineLight47.png" x="336" y="160" width="80" height="80"/>
	<SubTexture name="lineLight48.png" x="336" y="240" width="80" height="80"/>
	<SubTexture name="lineLight49.png" x="160" y="208" width="96" height="97"/>
</TextureAtlas>