<TextureAtlas imagePath="lineDark_sheet.png">
	<SubTexture name="lineDark00.png" x="313" y="528" width="76" height="61"/>
	<SubTexture name="lineDark01.png" x="473" y="400" width="75" height="61"/>
	<SubTexture name="lineDark02.png" x="0" y="160" width="160" height="160"/>
	<SubTexture name="lineDark03.png" x="160" y="0" width="160" height="160"/>
	<SubTexture name="lineDark04.png" x="0" y="0" width="160" height="160"/>
	<SubTexture name="lineDark05.png" x="473" y="461" width="61" height="75"/>
	<SubTexture name="lineDark06.png" x="0" y="320" width="160" height="160"/>
	<SubTexture name="lineDark07.png" x="528" y="0" width="48" height="48"/>
	<SubTexture name="lineDark08.png" x="521" y="536" width="48" height="48"/>
	<SubTexture name="lineDark09.png" x="496" y="240" width="48" height="48"/>
	<SubTexture name="lineDark10.png" x="544" y="192" width="48" height="48"/>
	<SubTexture name="lineDark11.png" x="544" y="240" width="48" height="48"/>
	<SubTexture name="lineDark12.png" x="528" y="96" width="48" height="48"/>
	<SubTexture name="lineDark13.png" x="480" y="48" width="48" height="48"/>
	<SubTexture name="lineDark14.png" x="480" y="0" width="48" height="48"/>
	<SubTexture name="lineDark15.png" x="480" y="96" width="48" height="48"/>
	<SubTexture name="lineDark16.png" x="268" y="160" width="48" height="48"/>
	<SubTexture name="lineDark17.png" x="473" y="536" width="48" height="48"/>
	<SubTexture name="lineDark18.png" x="336" y="320" width="48" height="48"/>
	<SubTexture name="lineDark19.png" x="393" y="480" width="80" height="80"/>
	<SubTexture name="lineDark20.png" x="400" y="0" width="80" height="80"/>
	<SubTexture name="lineDark21.png" x="400" y="80" width="80" height="80"/>
	<SubTexture name="lineDark22.png" x="393" y="400" width="80" height="80"/>
	<SubTexture name="lineDark23.png" x="416" y="240" width="80" height="80"/>
	<SubTexture name="lineDark24.png" x="416" y="160" width="80" height="80"/>
	<SubTexture name="lineDark25.png" x="548" y="400" width="48" height="48"/>
	<SubTexture name="lineDark26.png" x="496" y="144" width="48" height="48"/>
	<SubTexture name="lineDark27.png" x="496" y="192" width="48" height="48"/>
	<SubTexture name="lineDark28.png" x="528" y="48" width="48" height="48"/>
	<SubTexture name="lineDark29.png" x="534" y="461" width="48" height="48"/>
	<SubTexture name="lineDark30.png" x="544" y="144" width="48" height="48"/>
	<SubTexture name="lineDark31.png" x="336" y="160" width="80" height="80"/>
	<SubTexture name="lineDark32.png" x="320" y="80" width="80" height="80"/>
	<SubTexture name="lineDark33.png" x="320" y="0" width="80" height="80"/>
	<SubTexture name="lineDark34.png" x="313" y="448" width="80" height="80"/>
	<SubTexture name="lineDark35.png" x="336" y="240" width="80" height="80"/>
	<SubTexture name="lineDark36.png" x="473" y="320" width="80" height="80"/>
	<SubTexture name="lineDark37.png" x="125" y="528" width="108" height="48"/>
	<SubTexture name="lineDark38.png" x="160" y="160" width="108" height="48"/>
	<SubTexture name="lineDark39.png" x="125" y="480" width="108" height="48"/>
	<SubTexture name="lineDark40.png" x="233" y="401" width="80" height="80"/>
	<SubTexture name="lineDark41.png" x="313" y="368" width="80" height="80"/>
	<SubTexture name="lineDark42.png" x="233" y="481" width="80" height="80"/>
	<SubTexture name="lineDark43.png" x="256" y="288" width="80" height="80"/>
	<SubTexture name="lineDark44.png" x="393" y="320" width="80" height="80"/>
	<SubTexture name="lineDark45.png" x="256" y="208" width="80" height="80"/>
	<SubTexture name="lineDark46.png" x="160" y="304" width="96" height="97"/>
	<SubTexture name="lineDark47.png" x="160" y="208" width="96" height="96"/>
	<SubTexture name="lineDark48.png" x="160" y="401" width="61" height="76"/>
	<SubTexture name="lineDark49.png" x="0" y="480" width="125" height="125"/>
</TextureAtlas>