<TextureAtlas imagePath="sheet.png">
	<SubTexture name="fightJoy_40.png" x="0" y="0" width="100" height="100"/>
	<SubTexture name="fightJoy_41.png" x="200" y="400" width="100" height="100"/>
	<SubTexture name="fightJoy_42.png" x="500" y="200" width="100" height="100"/>
	<SubTexture name="fightJoy_43.png" x="500" y="100" width="100" height="100"/>
	<SubTexture name="fightJoy_44.png" x="500" y="0" width="100" height="100"/>
	<SubTexture name="fightJoy_45.png" x="400" y="400" width="100" height="100"/>
	<SubTexture name="fightJoy_46.png" x="400" y="300" width="100" height="100"/>
	<SubTexture name="fightJoy_47.png" x="400" y="200" width="100" height="100"/>
	<SubTexture name="fightJoy_48.png" x="400" y="100" width="100" height="100"/>
	<SubTexture name="fightJoy_49.png" x="400" y="0" width="100" height="100"/>
	<SubTexture name="fightJoy_50.png" x="300" y="400" width="100" height="100"/>
	<SubTexture name="fightJoy_51.png" x="300" y="300" width="100" height="100"/>
	<SubTexture name="fightJoy_52.png" x="300" y="200" width="100" height="100"/>
	<SubTexture name="fightJoy_53.png" x="300" y="100" width="100" height="100"/>
	<SubTexture name="fightJoy_54.png" x="300" y="0" width="100" height="100"/>
	<SubTexture name="fightJoy_55.png" x="500" y="300" width="100" height="100"/>
	<SubTexture name="fightJoy_56.png" x="200" y="300" width="100" height="100"/>
	<SubTexture name="fightJoy_57.png" x="200" y="200" width="100" height="100"/>
	<SubTexture name="fightJoy_58.png" x="200" y="100" width="100" height="100"/>
	<SubTexture name="fightJoy_59.png" x="200" y="0" width="100" height="100"/>
	<SubTexture name="fightJoy_60.png" x="100" y="400" width="100" height="100"/>
	<SubTexture name="fightJoy_61.png" x="100" y="300" width="100" height="100"/>
	<SubTexture name="kick.png" x="100" y="200" width="100" height="100"/>
	<SubTexture name="kickCircle.png" x="100" y="100" width="100" height="100"/>
	<SubTexture name="kickHigh.png" x="100" y="0" width="100" height="100"/>
	<SubTexture name="kickLow.png" x="0" y="400" width="100" height="100"/>
	<SubTexture name="punchCircle.png" x="0" y="300" width="100" height="100"/>
	<SubTexture name="punchHigh.png" x="0" y="200" width="100" height="100"/>
	<SubTexture name="punchLow.png" x="0" y="100" width="100" height="100"/>
</TextureAtlas>