<TextureAtlas imagePath="sheet.png">
	<SubTexture name="fightJoy_60.png" x="50" y="150" width="50" height="50"/>
	<SubTexture name="fightJoy_61.png" x="50" y="100" width="50" height="50"/>
	<SubTexture name="fightJoy_62.png" x="50" y="50" width="50" height="50"/>
	<SubTexture name="fightJoy_63.png" x="50" y="0" width="50" height="50"/>
	<SubTexture name="fightJoy_64.png" x="0" y="200" width="50" height="50"/>
	<SubTexture name="fightJoy_65.png" x="0" y="150" width="50" height="50"/>
	<SubTexture name="fightJoy_66.png" x="0" y="100" width="50" height="50"/>
	<SubTexture name="fightJoy_67.png" x="0" y="50" width="50" height="50"/>
	<SubTexture name="fightJoy_68.png" x="0" y="0" width="50" height="50"/>
	<SubTexture name="fightJoy_69.png" x="50" y="200" width="50" height="50"/>
	<SubTexture name="fightJoy_70.png" x="150" y="100" width="50" height="50"/>
	<SubTexture name="kickBlue.png" x="150" y="50" width="50" height="50"/>
	<SubTexture name="kickHigh.png" x="150" y="0" width="50" height="50"/>
	<SubTexture name="kickLow.png" x="100" y="200" width="50" height="50"/>
	<SubTexture name="kickRed.png" x="100" y="150" width="50" height="50"/>
	<SubTexture name="punchBlue.png" x="100" y="100" width="50" height="50"/>
	<SubTexture name="punchHigh.png" x="100" y="50" width="50" height="50"/>
	<SubTexture name="punchLow.png" x="100" y="0" width="50" height="50"/>
	<SubTexture name="punchRed.png" x="150" y="150" width="50" height="50"/>
</TextureAtlas>