<TextureAtlas imagePath="spritesheet.png">
	<SubTexture name="caneGreen.png" x="0" y="140" width="70" height="70"/>
	<SubTexture name="caneGreenSmall.png" x="0" y="70" width="70" height="70"/>
	<SubTexture name="caneGreenTop.png" x="0" y="0" width="70" height="70"/>
	<SubTexture name="caneGreenTopAlt.png" x="280" y="490" width="70" height="70"/>
	<SubTexture name="caneRed.png" x="630" y="280" width="70" height="70"/>
	<SubTexture name="caneRedSmall.png" x="630" y="210" width="70" height="70"/>
	<SubTexture name="caneRedTop.png" x="630" y="140" width="70" height="70"/>
	<SubTexture name="caneRedTopAlt.png" x="630" y="70" width="70" height="70"/>
	<SubTexture name="deadTree.png" x="630" y="0" width="70" height="70"/>
	<SubTexture name="iceBlock.png" x="560" y="630" width="70" height="70"/>
	<SubTexture name="iceBlockAlt.png" x="560" y="560" width="70" height="70"/>
	<SubTexture name="iceBlockHalf.png" x="560" y="490" width="70" height="70"/>
	<SubTexture name="iceBlockHalfAlt.png" x="560" y="420" width="70" height="70"/>
	<SubTexture name="iceWater.png" x="560" y="350" width="70" height="70"/>
	<SubTexture name="iceWaterAlt.png" x="560" y="280" width="70" height="70"/>
	<SubTexture name="iceWaterDeep.png" x="560" y="210" width="70" height="70"/>
	<SubTexture name="iceWaterDeepAlt.png" x="560" y="140" width="70" height="70"/>
	<SubTexture name="iceWaterDeepStars.png" x="560" y="70" width="70" height="70"/>
	<SubTexture name="iceWaterDeepStarsAlt.png" x="560" y="0" width="70" height="70"/>
	<SubTexture name="iceWaterMid.png" x="490" y="630" width="70" height="70"/>
	<SubTexture name="iceWaterMidAlt.png" x="490" y="560" width="70" height="70"/>
	<SubTexture name="igloo.png" x="490" y="490" width="70" height="70"/>
	<SubTexture name="iglooAlt.png" x="490" y="420" width="70" height="70"/>
	<SubTexture name="iglooDoor.png" x="490" y="350" width="70" height="70"/>
	<SubTexture name="iglooRoof.png" x="490" y="280" width="70" height="70"/>
	<SubTexture name="iglooRoofLeft.png" x="490" y="210" width="70" height="70"/>
	<SubTexture name="iglooRoofRight.png" x="490" y="140" width="70" height="70"/>
	<SubTexture name="pineSapling.png" x="490" y="70" width="70" height="70"/>
	<SubTexture name="pineSaplingAlt.png" x="490" y="0" width="70" height="70"/>
	<SubTexture name="plant.png" x="420" y="630" width="70" height="70"/>
	<SubTexture name="plantAlt.png" x="420" y="560" width="70" height="70"/>
	<SubTexture name="rock.png" x="420" y="490" width="70" height="70"/>
	<SubTexture name="rockAlt.png" x="420" y="420" width="70" height="70"/>
	<SubTexture name="snowBall.png" x="420" y="350" width="70" height="70"/>
	<SubTexture name="snowBallBig.png" x="420" y="280" width="70" height="70"/>
	<SubTexture name="snowBallBigGround.png" x="420" y="210" width="70" height="70"/>
	<SubTexture name="snowBallGround.png" x="420" y="140" width="70" height="70"/>
	<SubTexture name="snowGroundLeft.png" x="420" y="70" width="70" height="70"/>
	<SubTexture name="snowGroundRight.png" x="420" y="0" width="70" height="70"/>
	<SubTexture name="snowHill.png" x="350" y="630" width="70" height="70"/>
	<SubTexture name="snowHillLow.png" x="350" y="560" width="70" height="70"/>
	<SubTexture name="snowLeft.png" x="350" y="490" width="70" height="70"/>
	<SubTexture name="snowMid.png" x="350" y="420" width="70" height="70"/>
	<SubTexture name="snowRight.png" x="350" y="350" width="70" height="70"/>
	<SubTexture name="snowWave.png" x="350" y="280" width="70" height="70"/>
	<SubTexture name="spikeTop.png" x="630" y="350" width="70" height="70"/>
	<SubTexture name="spikesBottom.png" x="350" y="210" width="70" height="70"/>
	<SubTexture name="spikesBottomAlt.png" x="350" y="140" width="70" height="70"/>
	<SubTexture name="spikesBottomAlt2.png" x="350" y="70" width="70" height="70"/>
	<SubTexture name="spikesTop.png" x="350" y="0" width="70" height="70"/>
	<SubTexture name="spikesTopAlt.png" x="280" y="630" width="70" height="70"/>
	<SubTexture name="spikesTopAlt2.png" x="280" y="560" width="70" height="70"/>
	<SubTexture name="tree.png" x="280" y="420" width="70" height="70"/>
	<SubTexture name="treeBranchesLeft.png" x="280" y="350" width="70" height="70"/>
	<SubTexture name="treeBranchesLeftAlt.png" x="280" y="280" width="70" height="70"/>
	<SubTexture name="treeBranchesLeftSnowAlt.png" x="280" y="210" width="70" height="70"/>
	<SubTexture name="treeBranchesRight.png" x="280" y="140" width="70" height="70"/>
	<SubTexture name="treeBranchesSnowLeft.png" x="280" y="70" width="70" height="70"/>
	<SubTexture name="treeBranchesSnowRight.png" x="280" y="0" width="70" height="70"/>
	<SubTexture name="treeBranchesSnowRightAlt.png" x="210" y="630" width="70" height="70"/>
	<SubTexture name="treeBranchesSnowRightSnowAlt.png" x="210" y="560" width="70" height="70"/>
	<SubTexture name="treeTop.png" x="210" y="490" width="70" height="70"/>
	<SubTexture name="treeTopSnow.png" x="210" y="420" width="70" height="70"/>
	<SubTexture name="treeTrunk.png" x="210" y="350" width="70" height="70"/>
	<SubTexture name="treeTrunkBottom.png" x="210" y="280" width="70" height="70"/>
	<SubTexture name="treeTrunkBottomAlt.png" x="210" y="210" width="70" height="70"/>
	<SubTexture name="treeTrunkBottomAlt2.png" x="210" y="140" width="70" height="70"/>
	<SubTexture name="treeTrunkBottomAlt3.png" x="210" y="70" width="70" height="70"/>
	<SubTexture name="treeTrunkBranch.png" x="210" y="0" width="70" height="70"/>
	<SubTexture name="treeTrunkBranchEndLeft.png" x="140" y="630" width="70" height="70"/>
	<SubTexture name="treeTrunkBranchEndRight.png" x="140" y="560" width="70" height="70"/>
	<SubTexture name="treeTrunkBranchLeftAlt.png" x="140" y="490" width="70" height="70"/>
	<SubTexture name="treeTrunkBranchRightAlt.png" x="140" y="420" width="70" height="70"/>
	<SubTexture name="treeTrunkSplitLeft.png" x="140" y="350" width="70" height="70"/>
	<SubTexture name="treeTrunkSplitRight.png" x="140" y="280" width="70" height="70"/>
	<SubTexture name="treeTrunkTop.png" x="140" y="210" width="70" height="70"/>
	<SubTexture name="tundra.png" x="140" y="140" width="70" height="70"/>
	<SubTexture name="tundraCenter.png" x="140" y="70" width="70" height="70"/>
	<SubTexture name="tundraCenter_rounded.png" x="140" y="0" width="70" height="70"/>
	<SubTexture name="tundraCliffLeft.png" x="70" y="630" width="70" height="70"/>
	<SubTexture name="tundraCliffLeftAlt.png" x="70" y="560" width="70" height="70"/>
	<SubTexture name="tundraCliffRight.png" x="70" y="490" width="70" height="70"/>
	<SubTexture name="tundraCliffRightAlt.png" x="70" y="420" width="70" height="70"/>
	<SubTexture name="tundraHalf.png" x="70" y="350" width="70" height="70"/>
	<SubTexture name="tundraHalfLeft.png" x="70" y="280" width="70" height="70"/>
	<SubTexture name="tundraHalfMid.png" x="70" y="210" width="70" height="70"/>
	<SubTexture name="tundraHalfRight.png" x="70" y="140" width="70" height="70"/>
	<SubTexture name="tundraHillLeft.png" x="70" y="70" width="70" height="70"/>
	<SubTexture name="tundraHillLeft2.png" x="70" y="0" width="70" height="70"/>
	<SubTexture name="tundraHillRight.png" x="0" y="630" width="70" height="70"/>
	<SubTexture name="tundraHillRight2.png" x="0" y="560" width="70" height="70"/>
	<SubTexture name="tundraLedgeLeft.png" x="0" y="490" width="70" height="70"/>
	<SubTexture name="tundraLedgeRight.png" x="0" y="420" width="70" height="70"/>
	<SubTexture name="tundraLeft.png" x="0" y="350" width="70" height="70"/>
	<SubTexture name="tundraMid.png" x="0" y="280" width="70" height="70"/>
	<SubTexture name="tundraRight.png" x="0" y="210" width="70" height="70"/>
</TextureAtlas>