<TextureAtlas imagePath="spritesheet.png">
	<SubTexture name="cake.png" x="280" y="490" width="70" height="70"/>
	<SubTexture name="cakeCenter.png" x="630" y="210" width="70" height="70"/>
	<SubTexture name="cakeCenter_rounded.png" x="630" y="140" width="70" height="70"/>
	<SubTexture name="cakeCliffLeft.png" x="630" y="70" width="70" height="70"/>
	<SubTexture name="cakeCliffLeftAlt.png" x="630" y="0" width="70" height="70"/>
	<SubTexture name="cakeCliffRight.png" x="560" y="630" width="70" height="70"/>
	<SubTexture name="cakeCliffRightAlt.png" x="560" y="560" width="70" height="70"/>
	<SubTexture name="cakeHalf.png" x="560" y="490" width="70" height="70"/>
	<SubTexture name="cakeHalfAlt.png" x="560" y="420" width="70" height="70"/>
	<SubTexture name="cakeHalfAltLeft.png" x="560" y="350" width="70" height="70"/>
	<SubTexture name="cakeHalfAltMid.png" x="560" y="280" width="70" height="70"/>
	<SubTexture name="cakeHalfAltRight.png" x="560" y="210" width="70" height="70"/>
	<SubTexture name="cakeHalfLeft.png" x="560" y="140" width="70" height="70"/>
	<SubTexture name="cakeHalfMid.png" x="560" y="70" width="70" height="70"/>
	<SubTexture name="cakeHalfRight.png" x="560" y="0" width="70" height="70"/>
	<SubTexture name="cakeHillLeft.png" x="490" y="630" width="70" height="70"/>
	<SubTexture name="cakeHillLeft2.png" x="490" y="560" width="70" height="70"/>
	<SubTexture name="cakeHillRight.png" x="490" y="490" width="70" height="70"/>
	<SubTexture name="cakeHillRight2.png" x="490" y="420" width="70" height="70"/>
	<SubTexture name="cakeLedgeLeft.png" x="490" y="350" width="70" height="70"/>
	<SubTexture name="cakeLedgeRight.png" x="490" y="280" width="70" height="70"/>
	<SubTexture name="cakeLeft.png" x="490" y="210" width="70" height="70"/>
	<SubTexture name="cakeMid.png" x="490" y="140" width="70" height="70"/>
	<SubTexture name="cakeRight.png" x="490" y="70" width="70" height="70"/>
	<SubTexture name="candyBlue.png" x="490" y="0" width="70" height="70"/>
	<SubTexture name="candyGreen.png" x="420" y="630" width="70" height="70"/>
	<SubTexture name="candyRed.png" x="420" y="560" width="70" height="70"/>
	<SubTexture name="candyYellow.png" x="420" y="490" width="70" height="70"/>
	<SubTexture name="canePink.png" x="420" y="420" width="70" height="70"/>
	<SubTexture name="canePinkSmall.png" x="420" y="350" width="70" height="70"/>
	<SubTexture name="canePinkTop.png" x="420" y="280" width="70" height="70"/>
	<SubTexture name="canePinkTopAlt.png" x="420" y="210" width="70" height="70"/>
	<SubTexture name="cherry.png" x="420" y="140" width="70" height="70"/>
	<SubTexture name="choco.png" x="420" y="70" width="70" height="70"/>
	<SubTexture name="chocoCenter.png" x="420" y="0" width="70" height="70"/>
	<SubTexture name="chocoCenter_rounded.png" x="350" y="630" width="70" height="70"/>
	<SubTexture name="chocoCliffLeft.png" x="350" y="560" width="70" height="70"/>
	<SubTexture name="chocoCliffLeftAlt.png" x="350" y="490" width="70" height="70"/>
	<SubTexture name="chocoCliffRight.png" x="350" y="420" width="70" height="70"/>
	<SubTexture name="chocoCliffRightAlt.png" x="350" y="350" width="70" height="70"/>
	<SubTexture name="chocoHalf.png" x="350" y="280" width="70" height="70"/>
	<SubTexture name="chocoHalfAlt.png" x="350" y="210" width="70" height="70"/>
	<SubTexture name="chocoHalfAltLeft.png" x="350" y="140" width="70" height="70"/>
	<SubTexture name="chocoHalfAltMid.png" x="350" y="70" width="70" height="70"/>
	<SubTexture name="chocoHalfAltRight.png" x="350" y="0" width="70" height="70"/>
	<SubTexture name="chocoHalfLeft.png" x="280" y="630" width="70" height="70"/>
	<SubTexture name="chocoHalfMid.png" x="280" y="560" width="70" height="70"/>
	<SubTexture name="chocoHalfRight.png" x="630" y="280" width="70" height="70"/>
	<SubTexture name="chocoHillLeft.png" x="280" y="420" width="70" height="70"/>
	<SubTexture name="chocoHillLeft2.png" x="280" y="350" width="70" height="70"/>
	<SubTexture name="chocoHillRight.png" x="280" y="280" width="70" height="70"/>
	<SubTexture name="chocoHillRight2.png" x="280" y="210" width="70" height="70"/>
	<SubTexture name="chocoLedgeLeft.png" x="280" y="140" width="70" height="70"/>
	<SubTexture name="chocoLedgeRight.png" x="280" y="70" width="70" height="70"/>
	<SubTexture name="chocoLeft.png" x="280" y="0" width="70" height="70"/>
	<SubTexture name="chocoMid.png" x="210" y="630" width="70" height="70"/>
	<SubTexture name="chocoRight.png" x="210" y="560" width="70" height="70"/>
	<SubTexture name="cookieBrown.png" x="210" y="490" width="70" height="70"/>
	<SubTexture name="cookieChoco.png" x="210" y="420" width="70" height="70"/>
	<SubTexture name="cookiePink.png" x="210" y="350" width="70" height="70"/>
	<SubTexture name="creamChoco.png" x="210" y="280" width="70" height="70"/>
	<SubTexture name="creamMocca.png" x="210" y="210" width="70" height="70"/>
	<SubTexture name="creamPink.png" x="210" y="140" width="70" height="70"/>
	<SubTexture name="creamVanilla.png" x="210" y="70" width="70" height="70"/>
	<SubTexture name="cupCake.png" x="210" y="0" width="70" height="70"/>
	<SubTexture name="gummyWormGreenEnd.png" x="140" y="630" width="70" height="70"/>
	<SubTexture name="gummyWormGreenHead.png" x="140" y="560" width="70" height="70"/>
	<SubTexture name="gummyWormGreenMid.png" x="140" y="490" width="70" height="70"/>
	<SubTexture name="gummyWormRedEnd.png" x="140" y="420" width="70" height="70"/>
	<SubTexture name="gummyWormRedHead.png" x="140" y="350" width="70" height="70"/>
	<SubTexture name="gummyWormRedMid.png" x="140" y="280" width="70" height="70"/>
	<SubTexture name="heart.png" x="140" y="210" width="70" height="70"/>
	<SubTexture name="hillCaneChoco.png" x="140" y="140" width="70" height="70"/>
	<SubTexture name="hillCaneChocoTop.png" x="140" y="70" width="70" height="70"/>
	<SubTexture name="hillCaneGreen.png" x="140" y="0" width="70" height="70"/>
	<SubTexture name="hillCaneGreenTop.png" x="70" y="630" width="70" height="70"/>
	<SubTexture name="hillCanePink.png" x="70" y="560" width="70" height="70"/>
	<SubTexture name="hillCanePinkTop.png" x="70" y="490" width="70" height="70"/>
	<SubTexture name="hillCaneRed.png" x="70" y="420" width="70" height="70"/>
	<SubTexture name="hillCaneRedTop.png" x="70" y="350" width="70" height="70"/>
	<SubTexture name="lollipopBase.png" x="70" y="280" width="70" height="70"/>
	<SubTexture name="lollipopBaseBeige.png" x="70" y="210" width="70" height="70"/>
	<SubTexture name="lollipopBaseBrown.png" x="70" y="140" width="70" height="70"/>
	<SubTexture name="lollipopBaseCake.png" x="70" y="70" width="70" height="70"/>
	<SubTexture name="lollipopBasePink.png" x="70" y="0" width="70" height="70"/>
	<SubTexture name="lollipopFruitGreen.png" x="0" y="630" width="70" height="70"/>
	<SubTexture name="lollipopFruitRed.png" x="0" y="560" width="70" height="70"/>
	<SubTexture name="lollipopFruitYellow.png" x="0" y="490" width="70" height="70"/>
	<SubTexture name="lollipopGreen.png" x="0" y="420" width="70" height="70"/>
	<SubTexture name="lollipopRed.png" x="0" y="350" width="70" height="70"/>
	<SubTexture name="lollipopWhiteGreen.png" x="0" y="280" width="70" height="70"/>
	<SubTexture name="lollipopWhiteRed.png" x="0" y="210" width="70" height="70"/>
	<SubTexture name="waffleChoco.png" x="0" y="140" width="70" height="70"/>
	<SubTexture name="wafflePink.png" x="0" y="70" width="70" height="70"/>
	<SubTexture name="waffleWhite.png" x="0" y="0" width="70" height="70"/>
</TextureAtlas>