<TextureAtlas imagePath="roadTextures_sheet.png">
	<SubTexture name="roadTile1.png" x="0" y="64" width="64" height="64"/>
	<SubTexture name="roadTile10.png" x="448" y="512" width="64" height="64"/>
	<SubTexture name="roadTile11.png" x="448" y="448" width="64" height="64"/>
	<SubTexture name="roadTile12.png" x="448" y="384" width="64" height="64"/>
	<SubTexture name="roadTile13.png" x="448" y="320" width="64" height="64"/>
	<SubTexture name="roadTile14.png" x="448" y="256" width="64" height="64"/>
	<SubTexture name="roadTile15.png" x="448" y="192" width="64" height="64"/>
	<SubTexture name="roadTile16.png" x="448" y="128" width="64" height="64"/>
	<SubTexture name="roadTile17.png" x="448" y="64" width="64" height="64"/>
	<SubTexture name="roadTile18.png" x="448" y="0" width="64" height="64"/>
	<SubTexture name="roadTile19.png" x="384" y="512" width="64" height="64"/>
	<SubTexture name="roadTile2.png" x="0" y="0" width="64" height="64"/>
	<SubTexture name="roadTile20.png" x="384" y="448" width="64" height="64"/>
	<SubTexture name="roadTile21.png" x="384" y="384" width="64" height="64"/>
	<SubTexture name="roadTile22.png" x="384" y="320" width="64" height="64"/>
	<SubTexture name="roadTile23.png" x="384" y="256" width="64" height="64"/>
	<SubTexture name="roadTile24.png" x="384" y="192" width="64" height="64"/>
	<SubTexture name="roadTile25.png" x="384" y="128" width="64" height="64"/>
	<SubTexture name="roadTile26.png" x="384" y="64" width="64" height="64"/>
	<SubTexture name="roadTile27.png" x="384" y="0" width="64" height="64"/>
	<SubTexture name="roadTile3.png" x="256" y="192" width="64" height="64"/>
	<SubTexture name="roadTile4.png" x="512" y="320" width="64" height="64"/>
	<SubTexture name="roadTile5.png" x="512" y="256" width="64" height="64"/>
	<SubTexture name="roadTile6.png" x="512" y="192" width="64" height="64"/>
	<SubTexture name="roadTile7.png" x="512" y="128" width="64" height="64"/>
	<SubTexture name="roadTile8.png" x="512" y="64" width="64" height="64"/>
	<SubTexture name="roadTile9.png" x="512" y="0" width="64" height="64"/>
	<SubTexture name="terrainTile1.png" x="320" y="512" width="64" height="64"/>
	<SubTexture name="terrainTile2.png" x="320" y="448" width="64" height="64"/>
	<SubTexture name="terrainTile3.png" x="320" y="384" width="64" height="64"/>
	<SubTexture name="terrainTile4.png" x="320" y="320" width="64" height="64"/>
	<SubTexture name="terrainTile5.png" x="320" y="256" width="64" height="64"/>
	<SubTexture name="terrainTile6.png" x="320" y="192" width="64" height="64"/>
	<SubTexture name="waterTile1.png" x="320" y="128" width="64" height="64"/>
	<SubTexture name="waterTile10.png" x="256" y="128" width="64" height="64"/>
	<SubTexture name="waterTile11.png" x="256" y="64" width="64" height="64"/>
	<SubTexture name="waterTile12.png" x="256" y="0" width="64" height="64"/>
	<SubTexture name="waterTile13.png" x="192" y="512" width="64" height="64"/>
	<SubTexture name="waterTile14.png" x="192" y="448" width="64" height="64"/>
	<SubTexture name="waterTile15.png" x="192" y="384" width="64" height="64"/>
	<SubTexture name="waterTile16.png" x="192" y="320" width="64" height="64"/>
	<SubTexture name="waterTile17.png" x="192" y="256" width="64" height="64"/>
	<SubTexture name="waterTile18.png" x="192" y="192" width="64" height="64"/>
	<SubTexture name="waterTile19.png" x="192" y="128" width="64" height="64"/>
	<SubTexture name="waterTile2.png" x="320" y="64" width="64" height="64"/>
	<SubTexture name="waterTile20.png" x="192" y="64" width="64" height="64"/>
	<SubTexture name="waterTile21.png" x="192" y="0" width="64" height="64"/>
	<SubTexture name="waterTile22.png" x="128" y="512" width="64" height="64"/>
	<SubTexture name="waterTile23.png" x="128" y="448" width="64" height="64"/>
	<SubTexture name="waterTile24.png" x="128" y="384" width="64" height="64"/>
	<SubTexture name="waterTile25.png" x="128" y="320" width="64" height="64"/>
	<SubTexture name="waterTile26.png" x="128" y="256" width="64" height="64"/>
	<SubTexture name="waterTile27.png" x="128" y="192" width="64" height="64"/>
	<SubTexture name="waterTile28.png" x="128" y="128" width="64" height="64"/>
	<SubTexture name="waterTile29.png" x="128" y="64" width="64" height="64"/>
	<SubTexture name="waterTile3.png" x="320" y="0" width="64" height="64"/>
	<SubTexture name="waterTile30.png" x="128" y="0" width="64" height="64"/>
	<SubTexture name="waterTile31.png" x="64" y="512" width="64" height="64"/>
	<SubTexture name="waterTile32.png" x="64" y="448" width="64" height="64"/>
	<SubTexture name="waterTile33.png" x="64" y="384" width="64" height="64"/>
	<SubTexture name="waterTile34.png" x="64" y="320" width="64" height="64"/>
	<SubTexture name="waterTile35.png" x="64" y="256" width="64" height="64"/>
	<SubTexture name="waterTile36.png" x="64" y="192" width="64" height="64"/>
	<SubTexture name="waterTile37.png" x="64" y="128" width="64" height="64"/>
	<SubTexture name="waterTile38.png" x="64" y="64" width="64" height="64"/>
	<SubTexture name="waterTile39.png" x="64" y="0" width="64" height="64"/>
	<SubTexture name="waterTile4.png" x="256" y="512" width="64" height="64"/>
	<SubTexture name="waterTile40.png" x="0" y="512" width="64" height="64"/>
	<SubTexture name="waterTile41.png" x="0" y="448" width="64" height="64"/>
	<SubTexture name="waterTile42.png" x="0" y="384" width="64" height="64"/>
	<SubTexture name="waterTile43.png" x="0" y="320" width="64" height="64"/>
	<SubTexture name="waterTile44.png" x="0" y="256" width="64" height="64"/>
	<SubTexture name="waterTile45.png" x="0" y="192" width="64" height="64"/>
	<SubTexture name="waterTile46.png" x="0" y="128" width="64" height="64"/>
	<SubTexture name="waterTile5.png" x="256" y="448" width="64" height="64"/>
	<SubTexture name="waterTile6.png" x="256" y="384" width="64" height="64"/>
	<SubTexture name="waterTile7.png" x="256" y="320" width="64" height="64"/>
	<SubTexture name="waterTile8.png" x="256" y="256" width="64" height="64"/>
	<SubTexture name="waterTile9.png" x="512" y="384" width="64" height="64"/>
</TextureAtlas>