<TextureAtlas imagePath="spritesheet.png">
	<SubTexture name="anemometer.png" x="0" y="70" width="70" height="70"/>
	<SubTexture name="awningGreen.png" x="0" y="0" width="70" height="70"/>
	<SubTexture name="awningGreenRed.png" x="280" y="560" width="70" height="70"/>
	<SubTexture name="awningRed.png" x="630" y="420" width="70" height="70"/>
	<SubTexture name="chimney.png" x="630" y="350" width="70" height="70"/>
	<SubTexture name="chimneyLow.png" x="630" y="280" width="70" height="70"/>
	<SubTexture name="chimneyThin.png" x="630" y="210" width="70" height="70"/>
	<SubTexture name="clock.png" x="630" y="140" width="70" height="70"/>
	<SubTexture name="doorKnob.png" x="630" y="70" width="70" height="70"/>
	<SubTexture name="doorKnobAlt.png" x="630" y="0" width="70" height="70"/>
	<SubTexture name="doorLock.png" x="560" y="630" width="70" height="70"/>
	<SubTexture name="doorOpen.png" x="560" y="560" width="70" height="70"/>
	<SubTexture name="doorOpenTop.png" x="560" y="490" width="70" height="70"/>
	<SubTexture name="doorPlateTop.png" x="560" y="420" width="70" height="70"/>
	<SubTexture name="doorTop.png" x="560" y="350" width="70" height="70"/>
	<SubTexture name="doorWindowTop.png" x="560" y="280" width="70" height="70"/>
	<SubTexture name="fenceGate.png" x="560" y="210" width="70" height="70"/>
	<SubTexture name="fenceLong.png" x="560" y="140" width="70" height="70"/>
	<SubTexture name="fenceLow.png" x="560" y="70" width="70" height="70"/>
	<SubTexture name="houseBeige.png" x="560" y="0" width="70" height="70"/>
	<SubTexture name="houseBeigeAlt.png" x="490" y="630" width="70" height="70"/>
	<SubTexture name="houseBeigeAlt2.png" x="490" y="560" width="70" height="70"/>
	<SubTexture name="houseBeigeBottomLeft.png" x="490" y="490" width="70" height="70"/>
	<SubTexture name="houseBeigeBottomMid.png" x="490" y="420" width="70" height="70"/>
	<SubTexture name="houseBeigeBottomRight.png" x="490" y="350" width="70" height="70"/>
	<SubTexture name="houseBeigeMidLeft.png" x="490" y="280" width="70" height="70"/>
	<SubTexture name="houseBeigeMidRight.png" x="490" y="210" width="70" height="70"/>
	<SubTexture name="houseBeigeTopLeft.png" x="490" y="140" width="70" height="70"/>
	<SubTexture name="houseBeigeTopMid.png" x="490" y="70" width="70" height="70"/>
	<SubTexture name="houseBeigeTopRight.png" x="490" y="0" width="70" height="70"/>
	<SubTexture name="houseDark.png" x="420" y="630" width="70" height="70"/>
	<SubTexture name="houseDarkAlt.png" x="420" y="560" width="70" height="70"/>
	<SubTexture name="houseDarkAlt2.png" x="420" y="490" width="70" height="70"/>
	<SubTexture name="houseDarkBottomLeft.png" x="420" y="420" width="70" height="70"/>
	<SubTexture name="houseDarkBottomMid.png" x="420" y="350" width="70" height="70"/>
	<SubTexture name="houseDarkBottomRight.png" x="420" y="280" width="70" height="70"/>
	<SubTexture name="houseDarkMidLeft.png" x="420" y="210" width="70" height="70"/>
	<SubTexture name="houseDarkMidRight.png" x="420" y="140" width="70" height="70"/>
	<SubTexture name="houseDarkTopLeft.png" x="420" y="70" width="70" height="70"/>
	<SubTexture name="houseDarkTopMid.png" x="420" y="0" width="70" height="70"/>
	<SubTexture name="houseDarkTopRight.png" x="350" y="630" width="70" height="70"/>
	<SubTexture name="houseGray.png" x="350" y="560" width="70" height="70"/>
	<SubTexture name="houseGrayAlt.png" x="350" y="490" width="70" height="70"/>
	<SubTexture name="houseGrayAlt2.png" x="350" y="420" width="70" height="70"/>
	<SubTexture name="houseGrayBottomLeft.png" x="350" y="350" width="70" height="70"/>
	<SubTexture name="houseGrayBottomMid.png" x="350" y="280" width="70" height="70"/>
	<SubTexture name="houseGrayBottomRight.png" x="350" y="210" width="70" height="70"/>
	<SubTexture name="houseGrayMidLeft.png" x="350" y="140" width="70" height="70"/>
	<SubTexture name="houseGrayMidRight.png" x="350" y="70" width="70" height="70"/>
	<SubTexture name="houseGrayTopLeft.png" x="350" y="0" width="70" height="70"/>
	<SubTexture name="houseGrayTopMid.png" x="280" y="630" width="70" height="70"/>
	<SubTexture name="houseGrayTopRight.png" x="630" y="490" width="70" height="70"/>
	<SubTexture name="rockMoss.png" x="280" y="490" width="70" height="70"/>
	<SubTexture name="rockMossAlt.png" x="280" y="420" width="70" height="70"/>
	<SubTexture name="roofGreyLeft.png" x="280" y="350" width="70" height="70"/>
	<SubTexture name="roofGreyMid.png" x="280" y="280" width="70" height="70"/>
	<SubTexture name="roofGreyRight.png" x="280" y="210" width="70" height="70"/>
	<SubTexture name="roofGreyTopLeft.png" x="280" y="140" width="70" height="70"/>
	<SubTexture name="roofGreyTopMid.png" x="280" y="70" width="70" height="70"/>
	<SubTexture name="roofGreyTopRight.png" x="280" y="0" width="70" height="70"/>
	<SubTexture name="roofRedLeft.png" x="210" y="630" width="70" height="70"/>
	<SubTexture name="roofRedMid.png" x="210" y="560" width="70" height="70"/>
	<SubTexture name="roofRedRight.png" x="210" y="490" width="70" height="70"/>
	<SubTexture name="roofRedTopLeft.png" x="210" y="420" width="70" height="70"/>
	<SubTexture name="roofRedTopMid.png" x="210" y="350" width="70" height="70"/>
	<SubTexture name="roofRedTopRight.png" x="210" y="280" width="70" height="70"/>
	<SubTexture name="roofYellowLeft.png" x="210" y="210" width="70" height="70"/>
	<SubTexture name="roofYellowMid.png" x="210" y="140" width="70" height="70"/>
	<SubTexture name="roofYellowRight.png" x="210" y="70" width="70" height="70"/>
	<SubTexture name="roofYellowTopLeft.png" x="210" y="0" width="70" height="70"/>
	<SubTexture name="roofYellowTopMid.png" x="140" y="630" width="70" height="70"/>
	<SubTexture name="roofYellowTopRight.png" x="140" y="560" width="70" height="70"/>
	<SubTexture name="signBed.png" x="140" y="490" width="70" height="70"/>
	<SubTexture name="signCoin.png" x="140" y="420" width="70" height="70"/>
	<SubTexture name="signCup.png" x="140" y="350" width="70" height="70"/>
	<SubTexture name="signHangingBed.png" x="140" y="280" width="70" height="70"/>
	<SubTexture name="signHangingCoin.png" x="140" y="210" width="70" height="70"/>
	<SubTexture name="signHangingCup.png" x="140" y="140" width="70" height="70"/>
	<SubTexture name="window.png" x="140" y="70" width="70" height="70"/>
	<SubTexture name="windowCheckered.png" x="140" y="0" width="70" height="70"/>
	<SubTexture name="windowHighBottom.png" x="70" y="630" width="70" height="70"/>
	<SubTexture name="windowHighCheckeredBottom.png" x="70" y="560" width="70" height="70"/>
	<SubTexture name="windowHighCheckeredMid.png" x="70" y="490" width="70" height="70"/>
	<SubTexture name="windowHighCheckeredTop.png" x="70" y="420" width="70" height="70"/>
	<SubTexture name="windowHighLeadlightBottom.png" x="70" y="350" width="70" height="70"/>
	<SubTexture name="windowHighLeadlightMid.png" x="70" y="280" width="70" height="70"/>
	<SubTexture name="windowHighLeadlightTop.png" x="70" y="210" width="70" height="70"/>
	<SubTexture name="windowHighMid.png" x="70" y="140" width="70" height="70"/>
	<SubTexture name="windowHighOpenBottom.png" x="70" y="70" width="70" height="70"/>
	<SubTexture name="windowHighOpenMid.png" x="70" y="0" width="70" height="70"/>
	<SubTexture name="windowHighOpenTop.png" x="0" y="630" width="70" height="70"/>
	<SubTexture name="windowHighTop.png" x="0" y="560" width="70" height="70"/>
	<SubTexture name="windowLeadlight.png" x="0" y="490" width="70" height="70"/>
	<SubTexture name="windowLow.png" x="0" y="420" width="70" height="70"/>
	<SubTexture name="windowLowCheckered.png" x="0" y="350" width="70" height="70"/>
	<SubTexture name="windowLowLeadlight.png" x="0" y="280" width="70" height="70"/>
	<SubTexture name="windowLowOpen.png" x="0" y="210" width="70" height="70"/>
	<SubTexture name="windowOpen.png" x="0" y="140" width="70" height="70"/>
</TextureAtlas>