<TextureAtlas imagePath="spritesheet.png">
	<SubTexture name="bush.png" x="0" y="0" width="216" height="72"/>
	<SubTexture name="shroomBrownAltLeft.png" x="0" y="142" width="70" height="70"/>
	<SubTexture name="shroomBrownAltMid.png" x="0" y="212" width="70" height="70"/>
	<SubTexture name="shroomBrownAltMidAlt.png" x="0" y="72" width="70" height="70"/>
	<SubTexture name="shroomBrownAltRight.png" x="210" y="352" width="70" height="70"/>
	<SubTexture name="shroomBrownAltSpotsLeft.png" x="420" y="420" width="70" height="70"/>
	<SubTexture name="shroomBrownAltSpotsMid.png" x="420" y="350" width="70" height="70"/>
	<SubTexture name="shroomBrownAltSpotsMidAlt.png" x="420" y="280" width="70" height="70"/>
	<SubTexture name="shroomBrownAltSpotsRight.png" x="420" y="210" width="70" height="70"/>
	<SubTexture name="shroomBrownLeft.png" x="420" y="140" width="70" height="70"/>
	<SubTexture name="shroomBrownMid.png" x="420" y="70" width="70" height="70"/>
	<SubTexture name="shroomBrownMidAlt.png" x="356" y="0" width="70" height="70"/>
	<SubTexture name="shroomBrownRight.png" x="350" y="420" width="70" height="70"/>
	<SubTexture name="shroomBrownSpotsLeft.png" x="350" y="350" width="70" height="70"/>
	<SubTexture name="shroomBrownSpotsMid.png" x="350" y="280" width="70" height="70"/>
	<SubTexture name="shroomBrownSpotsMidAlt.png" x="350" y="210" width="70" height="70"/>
	<SubTexture name="shroomBrownSpotsRight.png" x="350" y="140" width="70" height="70"/>
	<SubTexture name="shroomRedAltLeft.png" x="350" y="70" width="70" height="70"/>
	<SubTexture name="shroomRedAltMid.png" x="286" y="0" width="70" height="70"/>
	<SubTexture name="shroomRedAltMidAlt.png" x="280" y="420" width="70" height="70"/>
	<SubTexture name="shroomRedAltRight.png" x="280" y="350" width="70" height="70"/>
	<SubTexture name="shroomRedLeft.png" x="280" y="280" width="70" height="70"/>
	<SubTexture name="shroomRedMid.png" x="280" y="210" width="70" height="70"/>
	<SubTexture name="shroomRedMidAlt.png" x="280" y="140" width="70" height="70"/>
	<SubTexture name="shroomRedRight.png" x="280" y="70" width="70" height="70"/>
	<SubTexture name="shroomTanAltLeft.png" x="216" y="0" width="70" height="70"/>
	<SubTexture name="shroomTanAltMid.png" x="210" y="422" width="70" height="70"/>
	<SubTexture name="shroomTanAltMidAlt.png" x="426" y="0" width="70" height="70"/>
	<SubTexture name="shroomTanAltRight.png" x="210" y="282" width="70" height="70"/>
	<SubTexture name="shroomTanLeft.png" x="210" y="212" width="70" height="70"/>
	<SubTexture name="shroomTanMid.png" x="210" y="142" width="70" height="70"/>
	<SubTexture name="shroomTanMidAlt.png" x="210" y="72" width="70" height="70"/>
	<SubTexture name="shroomTanRight.png" x="140" y="422" width="70" height="70"/>
	<SubTexture name="stem.png" x="140" y="352" width="70" height="70"/>
	<SubTexture name="stemBase.png" x="140" y="282" width="70" height="70"/>
	<SubTexture name="stemBaseAlt.png" x="140" y="212" width="70" height="70"/>
	<SubTexture name="stemCrown.png" x="140" y="142" width="70" height="70"/>
	<SubTexture name="stemShroom.png" x="140" y="72" width="70" height="70"/>
	<SubTexture name="stemTop.png" x="70" y="422" width="70" height="70"/>
	<SubTexture name="stemTopAlt.png" x="70" y="352" width="70" height="70"/>
	<SubTexture name="stemVine.png" x="70" y="282" width="70" height="70"/>
	<SubTexture name="tallShroom_brown.png" x="70" y="212" width="70" height="70"/>
	<SubTexture name="tallShroom_red.png" x="70" y="142" width="70" height="70"/>
	<SubTexture name="tallShroom_tan.png" x="70" y="72" width="70" height="70"/>
	<SubTexture name="tinyShroom_brown.png" x="0" y="422" width="70" height="70"/>
	<SubTexture name="tinyShroom_red.png" x="0" y="352" width="70" height="70"/>
	<SubTexture name="tinyShroom_tan.png" x="0" y="282" width="70" height="70"/>
</TextureAtlas>