<TextureAtlas imagePath="spritesheet.png">
	<SubTexture name="beam.png" x="0" y="70" width="70" height="70"/>
	<SubTexture name="beamBolts.png" x="0" y="0" width="70" height="70"/>
	<SubTexture name="beamBoltsHoles.png" x="280" y="560" width="70" height="70"/>
	<SubTexture name="beamBoltsNarrow.png" x="630" y="420" width="70" height="70"/>
	<SubTexture name="beamDiagonalLeft.png" x="630" y="350" width="70" height="70"/>
	<SubTexture name="beamDiagonalRight.png" x="630" y="280" width="70" height="70"/>
	<SubTexture name="beamHoles.png" x="630" y="210" width="70" height="70"/>
	<SubTexture name="beamNarrow.png" x="630" y="140" width="70" height="70"/>
	<SubTexture name="dirtCaveBL.png" x="630" y="70" width="70" height="70"/>
	<SubTexture name="dirtCaveBR.png" x="560" y="630" width="70" height="70"/>
	<SubTexture name="dirtCaveBottom.png" x="630" y="0" width="70" height="70"/>
	<SubTexture name="dirtCaveRockLarge.png" x="560" y="560" width="70" height="70"/>
	<SubTexture name="dirtCaveRockSmall.png" x="560" y="490" width="70" height="70"/>
	<SubTexture name="dirtCaveSpikeBottom.png" x="560" y="420" width="70" height="70"/>
	<SubTexture name="dirtCaveSpikeTop.png" x="560" y="350" width="70" height="70"/>
	<SubTexture name="dirtCaveTop.png" x="560" y="280" width="70" height="70"/>
	<SubTexture name="dirtCaveUL.png" x="560" y="210" width="70" height="70"/>
	<SubTexture name="dirtCaveUR.png" x="560" y="140" width="70" height="70"/>
	<SubTexture name="laserBlueBurst.png" x="560" y="70" width="70" height="70"/>
	<SubTexture name="laserBlueHorizontal.png" x="560" y="0" width="70" height="70"/>
	<SubTexture name="laserBlueVertical.png" x="490" y="630" width="70" height="70"/>
	<SubTexture name="laserDown.png" x="490" y="560" width="70" height="70"/>
	<SubTexture name="laserDownShoot.png" x="490" y="490" width="70" height="70"/>
	<SubTexture name="laserGreenBurst.png" x="490" y="420" width="70" height="70"/>
	<SubTexture name="laserGreenHorizontal.png" x="490" y="350" width="70" height="70"/>
	<SubTexture name="laserGreenVertical.png" x="490" y="280" width="70" height="70"/>
	<SubTexture name="laserLeft.png" x="490" y="210" width="70" height="70"/>
	<SubTexture name="laserLeftShoot.png" x="490" y="140" width="70" height="70"/>
	<SubTexture name="laserPurple.png" x="490" y="70" width="70" height="70"/>
	<SubTexture name="laserPurpleDot.png" x="490" y="0" width="70" height="70"/>
	<SubTexture name="laserRedBurst.png" x="420" y="630" width="70" height="70"/>
	<SubTexture name="laserRedHorizontal.png" x="420" y="560" width="70" height="70"/>
	<SubTexture name="laserRedVertical.png" x="420" y="490" width="70" height="70"/>
	<SubTexture name="laserRight.png" x="420" y="420" width="70" height="70"/>
	<SubTexture name="laserRightShoot.png" x="420" y="350" width="70" height="70"/>
	<SubTexture name="laserSwitchBlueOff.png" x="420" y="280" width="70" height="70"/>
	<SubTexture name="laserSwitchBlueOn.png" x="420" y="210" width="70" height="70"/>
	<SubTexture name="laserSwitchGreenOff.png" x="420" y="140" width="70" height="70"/>
	<SubTexture name="laserSwitchGreenOn.png" x="420" y="70" width="70" height="70"/>
	<SubTexture name="laserSwitchRedOff.png" x="420" y="0" width="70" height="70"/>
	<SubTexture name="laserSwitchRedOn.png" x="350" y="630" width="70" height="70"/>
	<SubTexture name="laserSwitchYellowOff.png" x="350" y="560" width="70" height="70"/>
	<SubTexture name="laserSwitchYellowOn.png" x="350" y="490" width="70" height="70"/>
	<SubTexture name="laserUp.png" x="350" y="420" width="70" height="70"/>
	<SubTexture name="laserUpShoot.png" x="350" y="350" width="70" height="70"/>
	<SubTexture name="laserYellowBurst.png" x="350" y="280" width="70" height="70"/>
	<SubTexture name="laserYellowHorizontal.png" x="350" y="210" width="70" height="70"/>
	<SubTexture name="laserYellowVertical.png" x="350" y="140" width="70" height="70"/>
	<SubTexture name="metal.png" x="350" y="70" width="70" height="70"/>
	<SubTexture name="metalCenter.png" x="350" y="0" width="70" height="70"/>
	<SubTexture name="metalCenterSticker.png" x="280" y="630" width="70" height="70"/>
	<SubTexture name="metalCenterWarning.png" x="630" y="490" width="70" height="70"/>
	<SubTexture name="metalCliffLeft.png" x="280" y="490" width="70" height="70"/>
	<SubTexture name="metalCliffLeftAlt.png" x="280" y="420" width="70" height="70"/>
	<SubTexture name="metalCliffRight.png" x="280" y="350" width="70" height="70"/>
	<SubTexture name="metalCliffRightAlt.png" x="280" y="280" width="70" height="70"/>
	<SubTexture name="metalFence.png" x="280" y="210" width="70" height="70"/>
	<SubTexture name="metalFenceAlt.png" x="280" y="140" width="70" height="70"/>
	<SubTexture name="metalHalf.png" x="280" y="70" width="70" height="70"/>
	<SubTexture name="metalHalfLeft.png" x="280" y="0" width="70" height="70"/>
	<SubTexture name="metalHalfMid.png" x="210" y="630" width="70" height="70"/>
	<SubTexture name="metalHalfRight.png" x="210" y="560" width="70" height="70"/>
	<SubTexture name="metalLeft.png" x="210" y="490" width="70" height="70"/>
	<SubTexture name="metalMid.png" x="210" y="420" width="70" height="70"/>
	<SubTexture name="metalPlatform.png" x="210" y="350" width="70" height="70"/>
	<SubTexture name="metalPlatformWire.png" x="210" y="280" width="70" height="70"/>
	<SubTexture name="metalPlatformWireAlt.png" x="210" y="210" width="70" height="70"/>
	<SubTexture name="metalRight.png" x="210" y="140" width="70" height="70"/>
	<SubTexture name="metalRounded.png" x="210" y="70" width="70" height="70"/>
	<SubTexture name="raygun.png" x="210" y="0" width="70" height="70"/>
	<SubTexture name="raygunBig.png" x="140" y="630" width="70" height="70"/>
	<SubTexture name="raygunPurple.png" x="140" y="560" width="70" height="70"/>
	<SubTexture name="raygunPurpleBig.png" x="140" y="490" width="70" height="70"/>
	<SubTexture name="shieldBronze.png" x="140" y="420" width="70" height="70"/>
	<SubTexture name="shieldGold.png" x="140" y="350" width="70" height="70"/>
	<SubTexture name="shieldSilver.png" x="140" y="280" width="70" height="70"/>
	<SubTexture name="stoneCaveBL.png" x="140" y="210" width="70" height="70"/>
	<SubTexture name="stoneCaveBR.png" x="140" y="70" width="70" height="70"/>
	<SubTexture name="stoneCaveBottom.png" x="140" y="140" width="70" height="70"/>
	<SubTexture name="stoneCaveRockLarge.png" x="140" y="0" width="70" height="70"/>
	<SubTexture name="stoneCaveRockSmall.png" x="70" y="630" width="70" height="70"/>
	<SubTexture name="stoneCaveSpikeBottom.png" x="70" y="560" width="70" height="70"/>
	<SubTexture name="stoneCaveSpikeTop.png" x="70" y="490" width="70" height="70"/>
	<SubTexture name="stoneCaveTop.png" x="70" y="420" width="70" height="70"/>
	<SubTexture name="stoneCaveUL.png" x="70" y="350" width="70" height="70"/>
	<SubTexture name="stoneCaveUR.png" x="70" y="280" width="70" height="70"/>
	<SubTexture name="swordBronze.png" x="70" y="210" width="70" height="70"/>
	<SubTexture name="swordGold.png" x="70" y="140" width="70" height="70"/>
	<SubTexture name="swordSilver.png" x="70" y="70" width="70" height="70"/>
	<SubTexture name="tile_20.png" x="70" y="0" width="70" height="70"/>
	<SubTexture name="tile_21.png" x="0" y="630" width="70" height="70"/>
	<SubTexture name="umbrellaClosed.png" x="0" y="560" width="70" height="70"/>
	<SubTexture name="umbrellaOpen.png" x="0" y="490" width="70" height="70"/>
	<SubTexture name="wireBottomLeft.png" x="0" y="420" width="70" height="70"/>
	<SubTexture name="wireBottomRight.png" x="0" y="350" width="70" height="70"/>
	<SubTexture name="wireHook.png" x="0" y="280" width="70" height="70"/>
	<SubTexture name="wireLeft.png" x="0" y="210" width="70" height="70"/>
	<SubTexture name="wireRight.png" x="0" y="140" width="70" height="70"/>
</TextureAtlas>