<TextureAtlas imagePath="sheet.png">
	<SubTexture name="sand000.png" x="0" y="338" width="50" height="55"/>
	<SubTexture name="sand001.png" x="0" y="283" width="50" height="55"/>
	<SubTexture name="sand002.png" x="0" y="228" width="50" height="55"/>
	<SubTexture name="sand003.png" x="0" y="194" width="50" height="34"/>
	<SubTexture name="sand004.png" x="0" y="160" width="50" height="34"/>
	<SubTexture name="sand005.png" x="0" y="120" width="50" height="40"/>
	<SubTexture name="sand006.png" x="0" y="80" width="50" height="40"/>
	<SubTexture name="sand007.png" x="0" y="40" width="50" height="40"/>
	<SubTexture name="sand008.png" x="0" y="0" width="50" height="40"/>
	<SubTexture name="sand009.png" x="50" y="480" width="50" height="28"/>
	<SubTexture name="sand010.png" x="650" y="481" width="50" height="28"/>
	<SubTexture name="sand011.png" x="700" y="40" width="50" height="40"/>
	<SubTexture name="sand012.png" x="700" y="0" width="50" height="40"/>
	<SubTexture name="sand013.png" x="650" y="453" width="50" height="28"/>
	<SubTexture name="sand014.png" x="650" y="425" width="50" height="28"/>
	<SubTexture name="sand015.png" x="650" y="400" width="50" height="25"/>
	<SubTexture name="sand016.png" x="650" y="370" width="50" height="30"/>
	<SubTexture name="sand017.png" x="650" y="315" width="50" height="55"/>
	<SubTexture name="sand018.png" x="650" y="260" width="50" height="55"/>
	<SubTexture name="sand019.png" x="650" y="205" width="50" height="55"/>
	<SubTexture name="sand020.png" x="650" y="150" width="50" height="55"/>
	<SubTexture name="sand021.png" x="650" y="110" width="50" height="40"/>
	<SubTexture name="sand022.png" x="650" y="55" width="50" height="55"/>
	<SubTexture name="sand023.png" x="650" y="0" width="50" height="55"/>
	<SubTexture name="sand024.png" x="600" y="447" width="50" height="55"/>
	<SubTexture name="sand025.png" x="600" y="392" width="50" height="55"/>
	<SubTexture name="sand026.png" x="600" y="358" width="50" height="34"/>
	<SubTexture name="sand027.png" x="600" y="324" width="50" height="34"/>
	<SubTexture name="sand028.png" x="600" y="284" width="50" height="40"/>
	<SubTexture name="sand029.png" x="600" y="244" width="50" height="40"/>
	<SubTexture name="sand030.png" x="600" y="204" width="50" height="40"/>
	<SubTexture name="sand031.png" x="600" y="164" width="50" height="40"/>
	<SubTexture name="sand032.png" x="600" y="136" width="50" height="28"/>
	<SubTexture name="sand033.png" x="600" y="108" width="50" height="28"/>
	<SubTexture name="sand034.png" x="600" y="68" width="50" height="40"/>
	<SubTexture name="sand035.png" x="600" y="28" width="50" height="40"/>
	<SubTexture name="sand036.png" x="600" y="0" width="50" height="28"/>
	<SubTexture name="sand037.png" x="550" y="480" width="50" height="28"/>
	<SubTexture name="sand038.png" x="550" y="455" width="50" height="25"/>
	<SubTexture name="sand039.png" x="550" y="425" width="50" height="30"/>
	<SubTexture name="sand040.png" x="550" y="370" width="50" height="55"/>
	<SubTexture name="sand041.png" x="550" y="315" width="50" height="55"/>
	<SubTexture name="sand042.png" x="550" y="260" width="50" height="55"/>
	<SubTexture name="sand043.png" x="550" y="205" width="50" height="55"/>
	<SubTexture name="sand044.png" x="550" y="165" width="50" height="40"/>
	<SubTexture name="sand045.png" x="550" y="110" width="50" height="55"/>
	<SubTexture name="sand046.png" x="550" y="55" width="50" height="55"/>
	<SubTexture name="sand047.png" x="550" y="0" width="50" height="55"/>
	<SubTexture name="sand048.png" x="500" y="445" width="50" height="55"/>
	<SubTexture name="sand049.png" x="500" y="411" width="50" height="34"/>
	<SubTexture name="sand050.png" x="500" y="377" width="50" height="34"/>
	<SubTexture name="sand051.png" x="500" y="337" width="50" height="40"/>
	<SubTexture name="sand052.png" x="500" y="297" width="50" height="40"/>
	<SubTexture name="sand053.png" x="500" y="257" width="50" height="40"/>
	<SubTexture name="sand054.png" x="500" y="217" width="50" height="40"/>
	<SubTexture name="sand055.png" x="500" y="189" width="50" height="28"/>
	<SubTexture name="sand056.png" x="500" y="161" width="50" height="28"/>
	<SubTexture name="sand057.png" x="500" y="121" width="50" height="40"/>
	<SubTexture name="sand058.png" x="500" y="81" width="50" height="40"/>
	<SubTexture name="sand059.png" x="500" y="53" width="50" height="28"/>
	<SubTexture name="sand060.png" x="500" y="25" width="50" height="28"/>
	<SubTexture name="sand061.png" x="500" y="0" width="50" height="25"/>
	<SubTexture name="sand062.png" x="450" y="480" width="50" height="30"/>
	<SubTexture name="sand063.png" x="450" y="425" width="50" height="55"/>
	<SubTexture name="sand064.png" x="450" y="370" width="50" height="55"/>
	<SubTexture name="sand065.png" x="450" y="315" width="50" height="55"/>
	<SubTexture name="sand066.png" x="450" y="260" width="50" height="55"/>
	<SubTexture name="sand067.png" x="450" y="220" width="50" height="40"/>
	<SubTexture name="sand068.png" x="450" y="165" width="50" height="55"/>
	<SubTexture name="sand069.png" x="450" y="110" width="50" height="55"/>
	<SubTexture name="sand070.png" x="450" y="55" width="50" height="55"/>
	<SubTexture name="sand071.png" x="450" y="0" width="50" height="55"/>
	<SubTexture name="sand072.png" x="400" y="468" width="50" height="34"/>
	<SubTexture name="sand073.png" x="400" y="434" width="50" height="34"/>
	<SubTexture name="sand074.png" x="400" y="394" width="50" height="40"/>
	<SubTexture name="sand075.png" x="400" y="354" width="50" height="40"/>
	<SubTexture name="sand076.png" x="400" y="314" width="50" height="40"/>
	<SubTexture name="sand077.png" x="400" y="274" width="50" height="40"/>
	<SubTexture name="sand078.png" x="400" y="246" width="50" height="28"/>
	<SubTexture name="sand079.png" x="400" y="218" width="50" height="28"/>
	<SubTexture name="sand080.png" x="400" y="178" width="50" height="40"/>
	<SubTexture name="sand081.png" x="400" y="138" width="50" height="40"/>
	<SubTexture name="sand082.png" x="400" y="110" width="50" height="28"/>
	<SubTexture name="sand083.png" x="200" y="480" width="50" height="28"/>
	<SubTexture name="sand084.png" x="150" y="480" width="50" height="25"/>
	<SubTexture name="sand085.png" x="100" y="480" width="50" height="30"/>
	<SubTexture name="sand086.png" x="700" y="80" width="50" height="55"/>
	<SubTexture name="sand087.png" x="400" y="55" width="50" height="55"/>
	<SubTexture name="sand088.png" x="400" y="0" width="50" height="55"/>
	<SubTexture name="sand089.png" x="350" y="440" width="50" height="55"/>
	<SubTexture name="sand090.png" x="300" y="465" width="50" height="40"/>
	<SubTexture name="sand091.png" x="350" y="385" width="50" height="55"/>
	<SubTexture name="sand092.png" x="350" y="330" width="50" height="55"/>
	<SubTexture name="sand093.png" x="350" y="275" width="50" height="55"/>
	<SubTexture name="sand094.png" x="350" y="220" width="50" height="55"/>
	<SubTexture name="sand095.png" x="350" y="165" width="50" height="55"/>
	<SubTexture name="sand096.png" x="350" y="110" width="50" height="55"/>
	<SubTexture name="sand097.png" x="350" y="55" width="50" height="55"/>
	<SubTexture name="sand098.png" x="350" y="0" width="50" height="55"/>
	<SubTexture name="sand099.png" x="300" y="410" width="50" height="55"/>
	<SubTexture name="sand100.png" x="300" y="355" width="50" height="55"/>
	<SubTexture name="sand101.png" x="300" y="300" width="50" height="55"/>
	<SubTexture name="sand102.png" x="300" y="245" width="50" height="55"/>
	<SubTexture name="sand103.png" x="300" y="205" width="50" height="40"/>
	<SubTexture name="sand104.png" x="300" y="165" width="50" height="40"/>
	<SubTexture name="sand105.png" x="300" y="110" width="50" height="55"/>
	<SubTexture name="sand106.png" x="300" y="55" width="50" height="55"/>
	<SubTexture name="sand107.png" x="300" y="0" width="50" height="55"/>
	<SubTexture name="sand108.png" x="250" y="440" width="50" height="55"/>
	<SubTexture name="sand109.png" x="250" y="385" width="50" height="55"/>
	<SubTexture name="sand110.png" x="250" y="330" width="50" height="55"/>
	<SubTexture name="sand111.png" x="250" y="275" width="50" height="55"/>
	<SubTexture name="sand112.png" x="250" y="220" width="50" height="55"/>
	<SubTexture name="sand113.png" x="250" y="165" width="50" height="55"/>
	<SubTexture name="sand114.png" x="250" y="110" width="50" height="55"/>
	<SubTexture name="sand115.png" x="250" y="55" width="50" height="55"/>
	<SubTexture name="sand116.png" x="250" y="0" width="50" height="55"/>
	<SubTexture name="sand117.png" x="200" y="440" width="50" height="40"/>
	<SubTexture name="sand118.png" x="200" y="385" width="50" height="55"/>
	<SubTexture name="sand119.png" x="200" y="330" width="50" height="55"/>
	<SubTexture name="sand120.png" x="200" y="275" width="50" height="55"/>
	<SubTexture name="sand121.png" x="200" y="220" width="50" height="55"/>
	<SubTexture name="sand122.png" x="200" y="165" width="50" height="55"/>
	<SubTexture name="sand123.png" x="200" y="110" width="50" height="55"/>
	<SubTexture name="sand124.png" x="200" y="55" width="50" height="55"/>
	<SubTexture name="sand125.png" x="200" y="0" width="50" height="55"/>
	<SubTexture name="sand126.png" x="150" y="440" width="50" height="40"/>
	<SubTexture name="sand127.png" x="150" y="385" width="50" height="55"/>
	<SubTexture name="sand128.png" x="150" y="330" width="50" height="55"/>
	<SubTexture name="sand129.png" x="150" y="275" width="50" height="55"/>
	<SubTexture name="sand130.png" x="150" y="220" width="50" height="55"/>
	<SubTexture name="sand131.png" x="150" y="165" width="50" height="55"/>
	<SubTexture name="sand132.png" x="150" y="110" width="50" height="55"/>
	<SubTexture name="sand133.png" x="150" y="55" width="50" height="55"/>
	<SubTexture name="sand134.png" x="150" y="0" width="50" height="55"/>
	<SubTexture name="sand135.png" x="100" y="440" width="50" height="40"/>
	<SubTexture name="sand136.png" x="100" y="385" width="50" height="55"/>
	<SubTexture name="sand137.png" x="100" y="330" width="50" height="55"/>
	<SubTexture name="sand138.png" x="100" y="275" width="50" height="55"/>
	<SubTexture name="sand139.png" x="100" y="220" width="50" height="55"/>
	<SubTexture name="sand140.png" x="100" y="165" width="50" height="55"/>
	<SubTexture name="sand141.png" x="100" y="110" width="50" height="55"/>
	<SubTexture name="sand142.png" x="100" y="55" width="50" height="55"/>
	<SubTexture name="sand143.png" x="100" y="0" width="50" height="55"/>
	<SubTexture name="sand144.png" x="50" y="440" width="50" height="40"/>
	<SubTexture name="sand145.png" x="50" y="385" width="50" height="55"/>
	<SubTexture name="sand146.png" x="50" y="330" width="50" height="55"/>
	<SubTexture name="sand147.png" x="50" y="275" width="50" height="55"/>
	<SubTexture name="sand148.png" x="50" y="220" width="50" height="55"/>
	<SubTexture name="sand149.png" x="50" y="165" width="50" height="55"/>
	<SubTexture name="sand150.png" x="50" y="110" width="50" height="55"/>
	<SubTexture name="sand151.png" x="50" y="55" width="50" height="55"/>
	<SubTexture name="sand152.png" x="50" y="0" width="50" height="55"/>
	<SubTexture name="sand153.png" x="0" y="448" width="50" height="40"/>
	<SubTexture name="sand154.png" x="0" y="393" width="50" height="55"/>
</TextureAtlas>