<TextureAtlas imagePath="sheet.png">
	<SubTexture name="stone000.png" x="0" y="55" width="50" height="55"/>
	<SubTexture name="stone001.png" x="0" y="0" width="50" height="55"/>
	<SubTexture name="stone002.png" x="350" y="351" width="50" height="55"/>
	<SubTexture name="stone003.png" x="700" y="40" width="50" height="55"/>
	<SubTexture name="stone004.png" x="700" y="0" width="50" height="40"/>
	<SubTexture name="stone005.png" x="650" y="449" width="50" height="55"/>
	<SubTexture name="stone006.png" x="650" y="394" width="50" height="55"/>
	<SubTexture name="stone007.png" x="650" y="339" width="50" height="55"/>
	<SubTexture name="stone008.png" x="650" y="284" width="50" height="55"/>
	<SubTexture name="stone009.png" x="650" y="250" width="50" height="34"/>
	<SubTexture name="stone010.png" x="650" y="216" width="50" height="34"/>
	<SubTexture name="stone011.png" x="650" y="176" width="50" height="40"/>
	<SubTexture name="stone012.png" x="650" y="136" width="50" height="40"/>
	<SubTexture name="stone013.png" x="650" y="96" width="50" height="40"/>
	<SubTexture name="stone014.png" x="650" y="56" width="50" height="40"/>
	<SubTexture name="stone015.png" x="650" y="28" width="50" height="28"/>
	<SubTexture name="stone016.png" x="650" y="0" width="50" height="28"/>
	<SubTexture name="stone017.png" x="600" y="466" width="50" height="40"/>
	<SubTexture name="stone018.png" x="600" y="426" width="50" height="40"/>
	<SubTexture name="stone019.png" x="600" y="398" width="50" height="28"/>
	<SubTexture name="stone020.png" x="600" y="370" width="50" height="28"/>
	<SubTexture name="stone021.png" x="600" y="345" width="50" height="25"/>
	<SubTexture name="stone022.png" x="600" y="315" width="50" height="30"/>
	<SubTexture name="stone023.png" x="600" y="260" width="50" height="55"/>
	<SubTexture name="stone024.png" x="600" y="205" width="50" height="55"/>
	<SubTexture name="stone025.png" x="600" y="150" width="50" height="55"/>
	<SubTexture name="stone026.png" x="600" y="95" width="50" height="55"/>
	<SubTexture name="stone027.png" x="600" y="55" width="50" height="40"/>
	<SubTexture name="stone028.png" x="600" y="0" width="50" height="55"/>
	<SubTexture name="stone029.png" x="550" y="446" width="50" height="55"/>
	<SubTexture name="stone030.png" x="550" y="391" width="50" height="55"/>
	<SubTexture name="stone031.png" x="550" y="336" width="50" height="55"/>
	<SubTexture name="stone032.png" x="550" y="302" width="50" height="34"/>
	<SubTexture name="stone033.png" x="550" y="268" width="50" height="34"/>
	<SubTexture name="stone034.png" x="550" y="228" width="50" height="40"/>
	<SubTexture name="stone035.png" x="550" y="188" width="50" height="40"/>
	<SubTexture name="stone036.png" x="550" y="148" width="50" height="40"/>
	<SubTexture name="stone037.png" x="550" y="108" width="50" height="40"/>
	<SubTexture name="stone038.png" x="550" y="80" width="50" height="28"/>
	<SubTexture name="stone039.png" x="500" y="481" width="50" height="28"/>
	<SubTexture name="stone040.png" x="550" y="40" width="50" height="40"/>
	<SubTexture name="stone041.png" x="550" y="0" width="50" height="40"/>
	<SubTexture name="stone042.png" x="500" y="453" width="50" height="28"/>
	<SubTexture name="stone043.png" x="500" y="425" width="50" height="28"/>
	<SubTexture name="stone044.png" x="500" y="400" width="50" height="25"/>
	<SubTexture name="stone045.png" x="500" y="370" width="50" height="30"/>
	<SubTexture name="stone046.png" x="500" y="315" width="50" height="55"/>
	<SubTexture name="stone047.png" x="500" y="260" width="50" height="55"/>
	<SubTexture name="stone048.png" x="500" y="205" width="50" height="55"/>
	<SubTexture name="stone049.png" x="500" y="150" width="50" height="55"/>
	<SubTexture name="stone050.png" x="500" y="110" width="50" height="40"/>
	<SubTexture name="stone051.png" x="500" y="55" width="50" height="55"/>
	<SubTexture name="stone052.png" x="500" y="0" width="50" height="55"/>
	<SubTexture name="stone053.png" x="450" y="447" width="50" height="55"/>
	<SubTexture name="stone054.png" x="450" y="392" width="50" height="55"/>
	<SubTexture name="stone055.png" x="450" y="358" width="50" height="34"/>
	<SubTexture name="stone056.png" x="450" y="324" width="50" height="34"/>
	<SubTexture name="stone057.png" x="450" y="284" width="50" height="40"/>
	<SubTexture name="stone058.png" x="450" y="244" width="50" height="40"/>
	<SubTexture name="stone059.png" x="450" y="204" width="50" height="40"/>
	<SubTexture name="stone060.png" x="450" y="164" width="50" height="40"/>
	<SubTexture name="stone061.png" x="450" y="136" width="50" height="28"/>
	<SubTexture name="stone062.png" x="450" y="108" width="50" height="28"/>
	<SubTexture name="stone063.png" x="450" y="68" width="50" height="40"/>
	<SubTexture name="stone064.png" x="450" y="28" width="50" height="40"/>
	<SubTexture name="stone065.png" x="450" y="0" width="50" height="28"/>
	<SubTexture name="stone066.png" x="400" y="480" width="50" height="28"/>
	<SubTexture name="stone067.png" x="400" y="455" width="50" height="25"/>
	<SubTexture name="stone068.png" x="400" y="425" width="50" height="30"/>
	<SubTexture name="stone069.png" x="400" y="370" width="50" height="55"/>
	<SubTexture name="stone070.png" x="400" y="315" width="50" height="55"/>
	<SubTexture name="stone071.png" x="400" y="260" width="50" height="55"/>
	<SubTexture name="stone072.png" x="400" y="205" width="50" height="55"/>
	<SubTexture name="stone073.png" x="400" y="165" width="50" height="40"/>
	<SubTexture name="stone074.png" x="400" y="110" width="50" height="55"/>
	<SubTexture name="stone075.png" x="400" y="55" width="50" height="55"/>
	<SubTexture name="stone076.png" x="400" y="0" width="50" height="55"/>
	<SubTexture name="stone077.png" x="350" y="440" width="50" height="55"/>
	<SubTexture name="stone078.png" x="350" y="406" width="50" height="34"/>
	<SubTexture name="stone079.png" x="700" y="95" width="50" height="34"/>
	<SubTexture name="stone080.png" x="350" y="311" width="50" height="40"/>
	<SubTexture name="stone081.png" x="350" y="271" width="50" height="40"/>
	<SubTexture name="stone082.png" x="350" y="231" width="50" height="40"/>
	<SubTexture name="stone083.png" x="350" y="191" width="50" height="40"/>
	<SubTexture name="stone084.png" x="350" y="163" width="50" height="28"/>
	<SubTexture name="stone085.png" x="350" y="135" width="50" height="28"/>
	<SubTexture name="stone086.png" x="350" y="95" width="50" height="40"/>
	<SubTexture name="stone087.png" x="350" y="55" width="50" height="40"/>
	<SubTexture name="stone088.png" x="150" y="480" width="50" height="28"/>
	<SubTexture name="stone089.png" x="100" y="480" width="50" height="28"/>
	<SubTexture name="stone090.png" x="50" y="480" width="50" height="25"/>
	<SubTexture name="stone091.png" x="0" y="480" width="50" height="30"/>
	<SubTexture name="stone092.png" x="350" y="0" width="50" height="55"/>
	<SubTexture name="stone093.png" x="300" y="440" width="50" height="55"/>
	<SubTexture name="stone094.png" x="300" y="385" width="50" height="55"/>
	<SubTexture name="stone095.png" x="300" y="330" width="50" height="55"/>
	<SubTexture name="stone096.png" x="250" y="465" width="50" height="40"/>
	<SubTexture name="stone097.png" x="300" y="275" width="50" height="55"/>
	<SubTexture name="stone098.png" x="300" y="220" width="50" height="55"/>
	<SubTexture name="stone099.png" x="300" y="165" width="50" height="55"/>
	<SubTexture name="stone100.png" x="300" y="110" width="50" height="55"/>
	<SubTexture name="stone101.png" x="300" y="55" width="50" height="55"/>
	<SubTexture name="stone102.png" x="300" y="0" width="50" height="55"/>
	<SubTexture name="stone103.png" x="250" y="410" width="50" height="55"/>
	<SubTexture name="stone104.png" x="250" y="355" width="50" height="55"/>
	<SubTexture name="stone105.png" x="250" y="300" width="50" height="55"/>
	<SubTexture name="stone106.png" x="250" y="245" width="50" height="55"/>
	<SubTexture name="stone107.png" x="250" y="190" width="50" height="55"/>
	<SubTexture name="stone108.png" x="250" y="135" width="50" height="55"/>
	<SubTexture name="stone109.png" x="250" y="95" width="50" height="40"/>
	<SubTexture name="stone110.png" x="250" y="55" width="50" height="40"/>
	<SubTexture name="stone111.png" x="250" y="0" width="50" height="55"/>
	<SubTexture name="stone112.png" x="200" y="440" width="50" height="55"/>
	<SubTexture name="stone113.png" x="200" y="385" width="50" height="55"/>
	<SubTexture name="stone114.png" x="200" y="330" width="50" height="55"/>
	<SubTexture name="stone115.png" x="200" y="275" width="50" height="55"/>
	<SubTexture name="stone116.png" x="200" y="220" width="50" height="55"/>
	<SubTexture name="stone117.png" x="200" y="165" width="50" height="55"/>
	<SubTexture name="stone118.png" x="200" y="110" width="50" height="55"/>
	<SubTexture name="stone119.png" x="200" y="55" width="50" height="55"/>
	<SubTexture name="stone120.png" x="200" y="0" width="50" height="55"/>
	<SubTexture name="stone121.png" x="150" y="425" width="50" height="55"/>
	<SubTexture name="stone122.png" x="150" y="370" width="50" height="55"/>
	<SubTexture name="stone123.png" x="150" y="330" width="50" height="40"/>
	<SubTexture name="stone124.png" x="150" y="275" width="50" height="55"/>
	<SubTexture name="stone125.png" x="150" y="220" width="50" height="55"/>
	<SubTexture name="stone126.png" x="150" y="165" width="50" height="55"/>
	<SubTexture name="stone127.png" x="150" y="110" width="50" height="55"/>
	<SubTexture name="stone128.png" x="150" y="55" width="50" height="55"/>
	<SubTexture name="stone129.png" x="150" y="0" width="50" height="55"/>
	<SubTexture name="stone130.png" x="100" y="425" width="50" height="55"/>
	<SubTexture name="stone131.png" x="100" y="370" width="50" height="55"/>
	<SubTexture name="stone132.png" x="100" y="330" width="50" height="40"/>
	<SubTexture name="stone133.png" x="100" y="275" width="50" height="55"/>
	<SubTexture name="stone134.png" x="100" y="220" width="50" height="55"/>
	<SubTexture name="stone135.png" x="100" y="165" width="50" height="55"/>
	<SubTexture name="stone136.png" x="100" y="110" width="50" height="55"/>
	<SubTexture name="stone137.png" x="100" y="55" width="50" height="55"/>
	<SubTexture name="stone138.png" x="100" y="0" width="50" height="55"/>
	<SubTexture name="stone139.png" x="50" y="425" width="50" height="55"/>
	<SubTexture name="stone140.png" x="50" y="370" width="50" height="55"/>
	<SubTexture name="stone141.png" x="50" y="330" width="50" height="40"/>
	<SubTexture name="stone142.png" x="50" y="275" width="50" height="55"/>
	<SubTexture name="stone143.png" x="50" y="220" width="50" height="55"/>
	<SubTexture name="stone144.png" x="50" y="165" width="50" height="55"/>
	<SubTexture name="stone145.png" x="50" y="110" width="50" height="55"/>
	<SubTexture name="stone146.png" x="50" y="55" width="50" height="55"/>
	<SubTexture name="stone147.png" x="50" y="0" width="50" height="55"/>
	<SubTexture name="stone148.png" x="0" y="425" width="50" height="55"/>
	<SubTexture name="stone149.png" x="0" y="370" width="50" height="55"/>
	<SubTexture name="stone150.png" x="0" y="330" width="50" height="40"/>
	<SubTexture name="stone151.png" x="0" y="275" width="50" height="55"/>
	<SubTexture name="stone152.png" x="0" y="220" width="50" height="55"/>
	<SubTexture name="stone153.png" x="0" y="165" width="50" height="55"/>
	<SubTexture name="stone154.png" x="0" y="110" width="50" height="55"/>
</TextureAtlas>