<TextureAtlas imagePath="sheet.png">
	<SubTexture name="awning000.png" x="0" y="176" width="33" height="22"/>
	<SubTexture name="awning001.png" x="0" y="154" width="33" height="22"/>
	<SubTexture name="awning002.png" x="0" y="132" width="33" height="22"/>
	<SubTexture name="awning003.png" x="0" y="110" width="33" height="22"/>
	<SubTexture name="awning004.png" x="0" y="88" width="33" height="22"/>
	<SubTexture name="awning005.png" x="0" y="66" width="33" height="22"/>
	<SubTexture name="awning006.png" x="0" y="44" width="33" height="22"/>
	<SubTexture name="awning007.png" x="0" y="22" width="33" height="22"/>
	<SubTexture name="awning008.png" x="0" y="0" width="33" height="22"/>
	<SubTexture name="awning009.png" x="33" y="88" width="33" height="22"/>
	<SubTexture name="awning010.png" x="66" y="176" width="33" height="22"/>
	<SubTexture name="awning011.png" x="66" y="154" width="33" height="22"/>
	<SubTexture name="awning012.png" x="66" y="132" width="33" height="22"/>
	<SubTexture name="awning013.png" x="66" y="110" width="33" height="22"/>
	<SubTexture name="awning014.png" x="66" y="88" width="33" height="22"/>
	<SubTexture name="awning015.png" x="66" y="66" width="33" height="22"/>
	<SubTexture name="awning016.png" x="66" y="44" width="33" height="22"/>
	<SubTexture name="awning017.png" x="66" y="22" width="33" height="22"/>
	<SubTexture name="awning018.png" x="66" y="0" width="33" height="22"/>
	<SubTexture name="awning019.png" x="33" y="220" width="33" height="22"/>
	<SubTexture name="awning020.png" x="33" y="198" width="33" height="22"/>
	<SubTexture name="awning021.png" x="33" y="176" width="33" height="22"/>
	<SubTexture name="awning022.png" x="33" y="154" width="33" height="22"/>
	<SubTexture name="awning023.png" x="33" y="132" width="33" height="22"/>
	<SubTexture name="awning024.png" x="33" y="110" width="33" height="22"/>
	<SubTexture name="awning025.png" x="66" y="198" width="33" height="22"/>
	<SubTexture name="awning026.png" x="33" y="66" width="33" height="22"/>
	<SubTexture name="awning027.png" x="33" y="44" width="33" height="22"/>
	<SubTexture name="awning028.png" x="33" y="22" width="33" height="22"/>
	<SubTexture name="awning029.png" x="33" y="0" width="33" height="22"/>
	<SubTexture name="awning030.png" x="0" y="220" width="33" height="22"/>
	<SubTexture name="awning031.png" x="0" y="198" width="33" height="22"/>
</TextureAtlas>