<TextureAtlas imagePath="sheet.png">
	<SubTexture name="concrete000.png" x="50" y="0" width="50" height="55"/>
	<SubTexture name="concrete001.png" x="0" y="438" width="50" height="55"/>
	<SubTexture name="concrete002.png" x="0" y="383" width="50" height="55"/>
	<SubTexture name="concrete003.png" x="0" y="328" width="50" height="55"/>
	<SubTexture name="concrete004.png" x="0" y="288" width="50" height="40"/>
	<SubTexture name="concrete005.png" x="0" y="233" width="50" height="55"/>
	<SubTexture name="concrete006.png" x="0" y="178" width="50" height="55"/>
	<SubTexture name="concrete007.png" x="0" y="123" width="50" height="55"/>
	<SubTexture name="concrete008.png" x="0" y="68" width="50" height="55"/>
	<SubTexture name="concrete009.png" x="0" y="34" width="50" height="34"/>
	<SubTexture name="concrete010.png" x="0" y="0" width="50" height="34"/>
	<SubTexture name="concrete011.png" x="400" y="0" width="50" height="40"/>
	<SubTexture name="concrete012.png" x="700" y="80" width="50" height="40"/>
	<SubTexture name="concrete013.png" x="700" y="40" width="50" height="40"/>
	<SubTexture name="concrete014.png" x="700" y="0" width="50" height="40"/>
	<SubTexture name="concrete015.png" x="650" y="479" width="50" height="28"/>
	<SubTexture name="concrete016.png" x="650" y="451" width="50" height="28"/>
	<SubTexture name="concrete017.png" x="650" y="411" width="50" height="40"/>
	<SubTexture name="concrete018.png" x="650" y="371" width="50" height="40"/>
	<SubTexture name="concrete019.png" x="650" y="343" width="50" height="28"/>
	<SubTexture name="concrete020.png" x="650" y="315" width="50" height="28"/>
	<SubTexture name="concrete021.png" x="650" y="290" width="50" height="25"/>
	<SubTexture name="concrete022.png" x="650" y="260" width="50" height="30"/>
	<SubTexture name="concrete023.png" x="650" y="205" width="50" height="55"/>
	<SubTexture name="concrete024.png" x="650" y="150" width="50" height="55"/>
	<SubTexture name="concrete025.png" x="650" y="95" width="50" height="55"/>
	<SubTexture name="concrete026.png" x="650" y="40" width="50" height="55"/>
	<SubTexture name="concrete027.png" x="650" y="0" width="50" height="40"/>
	<SubTexture name="concrete028.png" x="600" y="449" width="50" height="55"/>
	<SubTexture name="concrete029.png" x="600" y="394" width="50" height="55"/>
	<SubTexture name="concrete030.png" x="600" y="339" width="50" height="55"/>
	<SubTexture name="concrete031.png" x="600" y="284" width="50" height="55"/>
	<SubTexture name="concrete032.png" x="600" y="250" width="50" height="34"/>
	<SubTexture name="concrete033.png" x="600" y="216" width="50" height="34"/>
	<SubTexture name="concrete034.png" x="600" y="176" width="50" height="40"/>
	<SubTexture name="concrete035.png" x="600" y="136" width="50" height="40"/>
	<SubTexture name="concrete036.png" x="600" y="96" width="50" height="40"/>
	<SubTexture name="concrete037.png" x="600" y="56" width="50" height="40"/>
	<SubTexture name="concrete038.png" x="600" y="28" width="50" height="28"/>
	<SubTexture name="concrete039.png" x="600" y="0" width="50" height="28"/>
	<SubTexture name="concrete040.png" x="550" y="466" width="50" height="40"/>
	<SubTexture name="concrete041.png" x="550" y="426" width="50" height="40"/>
	<SubTexture name="concrete042.png" x="550" y="398" width="50" height="28"/>
	<SubTexture name="concrete043.png" x="550" y="370" width="50" height="28"/>
	<SubTexture name="concrete044.png" x="550" y="345" width="50" height="25"/>
	<SubTexture name="concrete045.png" x="550" y="315" width="50" height="30"/>
	<SubTexture name="concrete046.png" x="550" y="260" width="50" height="55"/>
	<SubTexture name="concrete047.png" x="550" y="205" width="50" height="55"/>
	<SubTexture name="concrete048.png" x="550" y="150" width="50" height="55"/>
	<SubTexture name="concrete049.png" x="550" y="95" width="50" height="55"/>
	<SubTexture name="concrete050.png" x="550" y="55" width="50" height="40"/>
	<SubTexture name="concrete051.png" x="550" y="0" width="50" height="55"/>
	<SubTexture name="concrete052.png" x="500" y="434" width="50" height="55"/>
	<SubTexture name="concrete053.png" x="500" y="379" width="50" height="55"/>
	<SubTexture name="concrete054.png" x="500" y="324" width="50" height="55"/>
	<SubTexture name="concrete055.png" x="500" y="290" width="50" height="34"/>
	<SubTexture name="concrete056.png" x="500" y="256" width="50" height="34"/>
	<SubTexture name="concrete057.png" x="500" y="216" width="50" height="40"/>
	<SubTexture name="concrete058.png" x="500" y="176" width="50" height="40"/>
	<SubTexture name="concrete059.png" x="500" y="136" width="50" height="40"/>
	<SubTexture name="concrete060.png" x="500" y="96" width="50" height="40"/>
	<SubTexture name="concrete061.png" x="500" y="68" width="50" height="28"/>
	<SubTexture name="concrete062.png" x="500" y="40" width="50" height="28"/>
	<SubTexture name="concrete063.png" x="500" y="0" width="50" height="40"/>
	<SubTexture name="concrete064.png" x="450" y="456" width="50" height="40"/>
	<SubTexture name="concrete065.png" x="450" y="428" width="50" height="28"/>
	<SubTexture name="concrete066.png" x="450" y="400" width="50" height="28"/>
	<SubTexture name="concrete067.png" x="400" y="486" width="50" height="25"/>
	<SubTexture name="concrete068.png" x="450" y="370" width="50" height="30"/>
	<SubTexture name="concrete069.png" x="450" y="315" width="50" height="55"/>
	<SubTexture name="concrete070.png" x="450" y="260" width="50" height="55"/>
	<SubTexture name="concrete071.png" x="450" y="205" width="50" height="55"/>
	<SubTexture name="concrete072.png" x="450" y="150" width="50" height="55"/>
	<SubTexture name="concrete073.png" x="450" y="110" width="50" height="40"/>
	<SubTexture name="concrete074.png" x="450" y="55" width="50" height="55"/>
	<SubTexture name="concrete075.png" x="450" y="0" width="50" height="55"/>
	<SubTexture name="concrete076.png" x="400" y="431" width="50" height="55"/>
	<SubTexture name="concrete077.png" x="400" y="376" width="50" height="55"/>
	<SubTexture name="concrete078.png" x="400" y="342" width="50" height="34"/>
	<SubTexture name="concrete079.png" x="400" y="308" width="50" height="34"/>
	<SubTexture name="concrete080.png" x="400" y="268" width="50" height="40"/>
	<SubTexture name="concrete081.png" x="400" y="228" width="50" height="40"/>
	<SubTexture name="concrete082.png" x="400" y="188" width="50" height="40"/>
	<SubTexture name="concrete083.png" x="400" y="148" width="50" height="40"/>
	<SubTexture name="concrete084.png" x="400" y="120" width="50" height="28"/>
	<SubTexture name="concrete085.png" x="200" y="480" width="50" height="28"/>
	<SubTexture name="concrete086.png" x="400" y="80" width="50" height="40"/>
	<SubTexture name="concrete087.png" x="400" y="40" width="50" height="40"/>
	<SubTexture name="concrete088.png" x="700" y="120" width="50" height="28"/>
	<SubTexture name="concrete089.png" x="150" y="480" width="50" height="28"/>
	<SubTexture name="concrete090.png" x="100" y="480" width="50" height="25"/>
	<SubTexture name="concrete091.png" x="50" y="480" width="50" height="30"/>
	<SubTexture name="concrete092.png" x="350" y="440" width="50" height="55"/>
	<SubTexture name="concrete093.png" x="350" y="385" width="50" height="55"/>
	<SubTexture name="concrete094.png" x="350" y="330" width="50" height="55"/>
	<SubTexture name="concrete095.png" x="350" y="275" width="50" height="55"/>
	<SubTexture name="concrete096.png" x="300" y="465" width="50" height="40"/>
	<SubTexture name="concrete097.png" x="350" y="220" width="50" height="55"/>
	<SubTexture name="concrete098.png" x="350" y="165" width="50" height="55"/>
	<SubTexture name="concrete099.png" x="350" y="110" width="50" height="55"/>
	<SubTexture name="concrete100.png" x="350" y="55" width="50" height="55"/>
	<SubTexture name="concrete101.png" x="350" y="0" width="50" height="55"/>
	<SubTexture name="concrete102.png" x="300" y="410" width="50" height="55"/>
	<SubTexture name="concrete103.png" x="300" y="355" width="50" height="55"/>
	<SubTexture name="concrete104.png" x="300" y="300" width="50" height="55"/>
	<SubTexture name="concrete105.png" x="300" y="245" width="50" height="55"/>
	<SubTexture name="concrete106.png" x="300" y="190" width="50" height="55"/>
	<SubTexture name="concrete107.png" x="300" y="135" width="50" height="55"/>
	<SubTexture name="concrete108.png" x="300" y="80" width="50" height="55"/>
	<SubTexture name="concrete109.png" x="300" y="40" width="50" height="40"/>
	<SubTexture name="concrete110.png" x="300" y="0" width="50" height="40"/>
	<SubTexture name="concrete111.png" x="250" y="440" width="50" height="55"/>
	<SubTexture name="concrete112.png" x="250" y="385" width="50" height="55"/>
	<SubTexture name="concrete113.png" x="250" y="330" width="50" height="55"/>
	<SubTexture name="concrete114.png" x="250" y="275" width="50" height="55"/>
	<SubTexture name="concrete115.png" x="250" y="220" width="50" height="55"/>
	<SubTexture name="concrete116.png" x="250" y="165" width="50" height="55"/>
	<SubTexture name="concrete117.png" x="250" y="110" width="50" height="55"/>
	<SubTexture name="concrete118.png" x="250" y="55" width="50" height="55"/>
	<SubTexture name="concrete119.png" x="250" y="0" width="50" height="55"/>
	<SubTexture name="concrete120.png" x="200" y="425" width="50" height="55"/>
	<SubTexture name="concrete121.png" x="200" y="370" width="50" height="55"/>
	<SubTexture name="concrete122.png" x="200" y="315" width="50" height="55"/>
	<SubTexture name="concrete123.png" x="200" y="275" width="50" height="40"/>
	<SubTexture name="concrete124.png" x="200" y="220" width="50" height="55"/>
	<SubTexture name="concrete125.png" x="200" y="165" width="50" height="55"/>
	<SubTexture name="concrete126.png" x="200" y="110" width="50" height="55"/>
	<SubTexture name="concrete127.png" x="200" y="55" width="50" height="55"/>
	<SubTexture name="concrete128.png" x="200" y="0" width="50" height="55"/>
	<SubTexture name="concrete129.png" x="150" y="425" width="50" height="55"/>
	<SubTexture name="concrete130.png" x="150" y="370" width="50" height="55"/>
	<SubTexture name="concrete131.png" x="150" y="315" width="50" height="55"/>
	<SubTexture name="concrete132.png" x="150" y="275" width="50" height="40"/>
	<SubTexture name="concrete133.png" x="150" y="220" width="50" height="55"/>
	<SubTexture name="concrete134.png" x="150" y="165" width="50" height="55"/>
	<SubTexture name="concrete135.png" x="150" y="110" width="50" height="55"/>
	<SubTexture name="concrete136.png" x="150" y="55" width="50" height="55"/>
	<SubTexture name="concrete137.png" x="150" y="0" width="50" height="55"/>
	<SubTexture name="concrete138.png" x="100" y="425" width="50" height="55"/>
	<SubTexture name="concrete139.png" x="100" y="370" width="50" height="55"/>
	<SubTexture name="concrete140.png" x="100" y="315" width="50" height="55"/>
	<SubTexture name="concrete141.png" x="100" y="275" width="50" height="40"/>
	<SubTexture name="concrete142.png" x="100" y="220" width="50" height="55"/>
	<SubTexture name="concrete143.png" x="100" y="165" width="50" height="55"/>
	<SubTexture name="concrete144.png" x="100" y="110" width="50" height="55"/>
	<SubTexture name="concrete145.png" x="100" y="55" width="50" height="55"/>
	<SubTexture name="concrete146.png" x="100" y="0" width="50" height="55"/>
	<SubTexture name="concrete147.png" x="50" y="425" width="50" height="55"/>
	<SubTexture name="concrete148.png" x="50" y="370" width="50" height="55"/>
	<SubTexture name="concrete149.png" x="50" y="315" width="50" height="55"/>
	<SubTexture name="concrete150.png" x="50" y="275" width="50" height="40"/>
	<SubTexture name="concrete151.png" x="50" y="220" width="50" height="55"/>
	<SubTexture name="concrete152.png" x="50" y="165" width="50" height="55"/>
	<SubTexture name="concrete153.png" x="50" y="110" width="50" height="55"/>
	<SubTexture name="concrete154.png" x="50" y="55" width="50" height="55"/>
</TextureAtlas>