<TextureAtlas imagePath="sheet.png">
	<SubTexture name="donut_1.png" x="0" y="0" width="264" height="264"/>
	<SubTexture name="donut_2.png" x="0" y="528" width="264" height="264"/>
	<SubTexture name="donut_3.png" x="0" y="264" width="264" height="264"/>
	<SubTexture name="glazing_1.png" x="226" y="1668" width="226" height="226"/>
	<SubTexture name="glazing_2.png" x="229" y="1244" width="226" height="226"/>
	<SubTexture name="glazing_3.png" x="229" y="792" width="226" height="226"/>
	<SubTexture name="glazing_4.png" x="264" y="226" width="226" height="226"/>
	<SubTexture name="glazing_5.png" x="229" y="1018" width="226" height="226"/>
	<SubTexture name="glazing_6.png" x="264" y="452" width="226" height="226"/>
	<SubTexture name="glazing_zigzag_1.png" x="0" y="1230" width="229" height="219"/>
	<SubTexture name="glazing_zigzag_2.png" x="0" y="1011" width="229" height="219"/>
	<SubTexture name="glazing_zigzag_3.png" x="0" y="1449" width="229" height="219"/>
	<SubTexture name="glazing_zigzag_4.png" x="0" y="792" width="229" height="219"/>
	<SubTexture name="sprinkles_1.png" x="455" y="888" width="195" height="210"/>
	<SubTexture name="sprinkles_2.png" x="455" y="678" width="195" height="210"/>
	<SubTexture name="sprinkles_3.png" x="452" y="1664" width="202" height="221"/>
	<SubTexture name="sprinkles_4.png" x="455" y="1098" width="195" height="210"/>
	<SubTexture name="sprinkles_5.png" x="490" y="0" width="195" height="210"/>
	<SubTexture name="stripes_1.png" x="435" y="1470" width="206" height="194"/>
	<SubTexture name="stripes_2.png" x="229" y="1470" width="206" height="194"/>
	<SubTexture name="stripes_3.png" x="264" y="0" width="226" height="226"/>
	<SubTexture name="stripes_4.png" x="0" y="1668" width="226" height="226"/>
</TextureAtlas>