<TextureAtlas imagePath="enemies_sheet.png">
	<SubTexture name="blockerBody.png" x="75" y="0" width="51" height="51"/>
	<SubTexture name="blockerMad.png" x="113" y="118" width="51" height="51"/>
	<SubTexture name="blockerSad.png" x="66" y="67" width="51" height="51"/>
	<SubTexture name="fishDead.png" x="0" y="109" width="66" height="42"/>
	<SubTexture name="fishSwim1.png" x="0" y="67" width="66" height="42"/>
	<SubTexture name="fishSwim2.png" x="0" y="151" width="62" height="43"/>
	<SubTexture name="flyDead.png" x="0" y="206" width="59" height="33"/>
	<SubTexture name="flyFly1.png" x="0" y="31" width="72" height="36"/>
	<SubTexture name="flyFly2.png" x="0" y="0" width="75" height="31"/>
	<SubTexture name="pokerMad.png" x="212" y="0" width="48" height="146"/>
	<SubTexture name="pokerSad.png" x="164" y="0" width="48" height="146"/>
	<SubTexture name="slimeDead.png" x="0" y="194" width="59" height="12"/>
	<SubTexture name="slimeWalk1.png" x="113" y="225" width="50" height="28"/>
	<SubTexture name="slimeWalk2.png" x="62" y="151" width="51" height="26"/>
	<SubTexture name="snailShell.png" x="116" y="169" width="44" height="30"/>
	<SubTexture name="snailShell_upsidedown.png" x="66" y="118" width="44" height="30"/>
	<SubTexture name="snailWalk1.png" x="59" y="225" width="54" height="31"/>
	<SubTexture name="snailWalk2.png" x="59" y="194" width="57" height="31"/>
</TextureAtlas>