<TextureAtlas imagePath="hud_sheet.png">
	<SubTexture name="hud_0.png" x="188" y="38" width="30" height="38"/>
	<SubTexture name="hud_1.png" x="229" y="76" width="26" height="37"/>
	<SubTexture name="hud_2.png" x="188" y="0" width="32" height="38"/>
	<SubTexture name="hud_3.png" x="228" y="154" width="28" height="38"/>
	<SubTexture name="hud_4.png" x="220" y="0" width="29" height="38"/>
	<SubTexture name="hud_5.png" x="228" y="116" width="28" height="38"/>
	<SubTexture name="hud_6.png" x="218" y="38" width="30" height="38"/>
	<SubTexture name="hud_7.png" x="53" y="94" width="32" height="39"/>
	<SubTexture name="hud_8.png" x="216" y="196" width="32" height="40"/>
	<SubTexture name="hud_9.png" x="184" y="196" width="32" height="39"/>
	<SubTexture name="hud_coins.png" x="0" y="182" width="47" height="47"/>
	<SubTexture name="hud_gem_blue.png" x="100" y="0" width="46" height="36"/>
	<SubTexture name="hud_gem_green.png" x="94" y="141" width="46" height="36"/>
	<SubTexture name="hud_gem_red.png" x="94" y="177" width="46" height="36"/>
	<SubTexture name="hud_gem_yellow.png" x="94" y="213" width="46" height="36"/>
	<SubTexture name="hud_heartEmpty.png" x="0" y="0" width="53" height="45"/>
	<SubTexture name="hud_heartFull.png" x="0" y="90" width="53" height="45"/>
	<SubTexture name="hud_heartHalf.png" x="0" y="45" width="53" height="45"/>
	<SubTexture name="hud_keyBlue.png" x="184" y="116" width="44" height="40"/>
	<SubTexture name="hud_keyBlue_disabled.png" x="185" y="76" width="44" height="40"/>
	<SubTexture name="hud_keyGreem_disabled.png" x="184" y="156" width="44" height="40"/>
	<SubTexture name="hud_keyGreen.png" x="140" y="181" width="44" height="40"/>
	<SubTexture name="hud_keyRed.png" x="144" y="36" width="44" height="40"/>
	<SubTexture name="hud_keyRed_disabled.png" x="100" y="36" width="44" height="40"/>
	<SubTexture name="hud_keyYellow.png" x="141" y="76" width="44" height="40"/>
	<SubTexture name="hud_keyYellow_disabled.png" x="140" y="141" width="44" height="40"/>
	<SubTexture name="hud_p1.png" x="0" y="135" width="47" height="47"/>
	<SubTexture name="hud_p1Alt.png" x="53" y="47" width="47" height="47"/>
	<SubTexture name="hud_p2.png" x="94" y="94" width="47" height="47"/>
	<SubTexture name="hud_p2Alt.png" x="47" y="182" width="47" height="47"/>
	<SubTexture name="hud_p3.png" x="47" y="135" width="47" height="47"/>
	<SubTexture name="hud_p3Alt.png" x="53" y="0" width="47" height="47"/>
	<SubTexture name="hud_x.png" x="140" y="221" width="30" height="28"/>
</TextureAtlas>